VARIANT_ID	total	n_count	n_frac	alt_count	ref_count	other_count
chr12:49022048_C>A	8121	1	0.00012313754463735992	12	8107	1
chr12:49022078_T>C	8125	0	0.0	2	8122	1
chr12:49026185_G>A	8120	0	0.0	2	8113	5
chr12:49026346_G>A	8124	0	0.0	1	8122	1
chr12:49026347_G>A	8125	1	0.00012307692307692307	3	8121	0
chr12:49026772_C>T	8125	1	0.00012307692307692307	1	8120	3
chr12:49026791_G>A	8123	0	0.0	14	8107	2
chr12:49026792_C>A	8123	4	0.0004924289055767574	1	8114	4
chr12:49027045_G>A	8123	3	0.000369321679182568	1	8118	1
chr12:49028829_T>C	8120	2	0.0002463054187192118	2	8115	1
chr12:49030392_G>A	8123	0	0.0	4	8117	2
chr12:49030468_G>A	8112	0	0.0	25	8081	6
chr12:49031210_C>A	8125	0	0.0	2	8123	0
chr12:49031211_C>A	8125	3	0.0003692307692307692	0	8121	1
chr12:49031326_T>A	8124	0	0.0	0	8119	5
chr12:49032902_G>A	8121	1	0.00012313754463735992	3	8116	1
chr12:49032956_G>A	8124	1	0.00012309207287050715	4	8114	5
chr12:49032959_G>A	8124	1	0.00012309207287050715	6	8112	5
chr12:49033031_G>A	8125	0	0.0	8	8116	1
chr12:49033214_G>A	8123	0	0.0	4	8118	1
chr12:49033244_G>A	8122	2	0.0002462447672986949	10	8107	3
chr12:49033513_G>A	8122	0	0.0	9	8108	5
chr12:49033892_G>A	8125	1	0.00012307692307692307	2	8117	5
chr12:49033918_C>T	8127	0	0.0	0	8127	0
chr12:49033955_G>A	8126	0	0.0	4	8121	1
chr12:49037319_G>C	8123	0	0.0	0	8120	3
chr12:49038045_G>A	8120	0	0.0	22	8097	1
chr12:49038183_T>A	8126	2	0.0002461235540241201	0	8123	1
chr12:49038472_C>A	8125	0	0.0	1	8124	0
chr12:49039155_A>T	8119	0	0.0	0	8113	6
chr12:49039605_G>A	8123	1	0.00012310722639418935	7	8113	2
chr12:49039882_G>A	8124	3	0.00036927621861152144	5	8114	2
chr12:49041456_C>T	8115	0	0.0	10	8099	6
chr12:49041979_G>T	8123	3	0.000369321679182568	3	8110	7
chr12:49042039_C>T	8125	0	0.0	0	8120	5
chr12:49042638_G>T	8121	3	0.0003694126339120798	3	8110	5
chr12:49043013_A>T	8123	3	0.000369321679182568	0	8117	3
chr12:49044833_C>T	8126	0	0.0	2	8124	0
chr12:49046363_T>C	8123	1	0.00012310722639418935	6	8116	0
chr12:49046369_G>T	8123	0	0.0	4	8117	2
chr12:49046370_C>T	8123	1	0.00012310722639418935	3	8116	3
chr12:49046751_C>A	8126	0	0.0	2	8124	0
chr12:49046752_C>A	8125	0	0.0	4	8121	0
chr12:49046791_C>T	8124	0	0.0	1	8114	9
chr12:49047999_G>A	8126	0	0.0	3	8122	1
chr12:49048159_C>T	8126	0	0.0	1	8125	0
chr12:49049717_G>A	8122	2	0.0002462447672986949	7	8113	0
chr12:49050267_G>A	8124	0	0.0	7	8117	0
chr12:49050531_G>A	8121	0	0.0	5	8116	0
chr12:49050668_C>A	8124	0	0.0	0	8116	8
chr12:49050947_G>T	8119	2	0.0002463357556349304	2	8111	4
chr12:49050948_G>T	8119	0	0.0	3	8114	2
chr12:49050972_C>T	8123	1	0.00012310722639418935	0	8120	2
chr12:49051031_A>G	8124	2	0.0002461841457410143	10	8109	3
chr12:49051368_G>A	8121	0	0.0	11	8106	4
chr12:49051444_G>C	8120	0	0.0	1	8092	27
chr12:49051585_G>A	8124	0	0.0	1	8122	1
chr12:49051681_C>A	8121	0	0.0	1	8118	2
chr12:49051684_C>A	8122	1	0.00012312238364934746	7	8113	1
chr12:49052985_G>A	8125	1	0.00012307692307692307	3	8120	1
chr12:49053322_C>T	8126	3	0.00036918533103618014	0	8121	2
chr12:49053408_G>A	8125	0	0.0	3	8122	0
chr12:49053528_G>A	8125	1	0.00012307692307692307	5	8117	2
chr12:49054363_G>A	8127	0	0.0	1	8123	3
chr12:49054625_C>G	8126	1	0.00012306177701206005	0	8124	1
chr13:48380101_T>C	8117	0	0.0	16	8097	4
chr13:48381021_G>C	8059	1	0.00012408487405385284	0	8051	7
chr16:3728158_G>A	8121	0	0.0	11	8106	4
chr16:3736146_A>C	8124	1	0.00012309207287050715	6	8116	1
chr16:3736150_G>A	8124	3	0.00036927621861152144	6	8109	6
chr16:3736151_G>A	8125	2	0.00024615384615384614	3	8119	1
chr16:3737002_G>A	8116	2	0.0002464268112370626	8	8104	2
chr16:3739629_A>G	8123	3	0.000369321679182568	0	8113	7
chr16:3758024_G>C	8121	0	0.0	0	8120	1
chr16:3759205_A>C	8081	1	0.00012374706100730108	0	8077	3
chr16:3773712_T>C	8113	0	0.0	8	8105	0
chr16:3792091_G>T	8123	1	0.00012310722639418935	1	8118	3
chr16:3792092_C>T	8122	0	0.0	14	8076	32
chr16:3810991_C>T	8104	1	0.00012339585389930897	2	8098	3
chr16:3851083_T>C	8122	2	0.0002462447672986949	3	8114	3
chr17:7676269_G>A	8124	1	0.00012309207287050715	3	8119	1
chr1:119916531_T>A	8126	0	0.0	0	8119	7
chr1:119916645_G>C	8124	1	0.00012309207287050715	0	8115	8
chr1:119923975_T>C	8122	1	0.00012312238364934746	1	8118	2
chr1:119925386_T>C	8120	4	0.0004926108374384236	2	8106	8
chr1:119937394_C>T	8123	2	0.0002462144527883787	6	8109	6
chr1:119949317_G>A	8094	0	0.0	5	8088	1
chr1:119964024_T>C	8102	2	0.00024685262898049864	2	8085	13
chr1:26729716_C>G	8121	1	0.00012313754463735992	1	8117	2
chr1:26729719_G>C	8121	2	0.00024627508927471984	0	8101	18
chr1:26729720_C>T	8122	0	0.0	4	8117	1
chr1:26729784_C>A	8124	1	0.00012309207287050715	3	8120	0
chr1:26731057_C>G	8102	1	0.00012342631449024932	0	8081	20
chr1:26731244_G>T	8124	1	0.00012309207287050715	0	8108	15
chr1:26731314_C>T	8128	0	0.0	0	8125	3
chr1:26731491_C>T	8125	2	0.00024615384615384614	8	8114	1
chr1:26731622_C>T	8127	3	0.00036913990402362494	0	8118	6
chr1:26731623_C>T	8128	1	0.00012303149606299212	1	8125	1
chr1:26732745_C>T	8121	0	0.0	3	8110	8
chr1:26761382_A>C	8122	2	0.0002462447672986949	9	8108	3
chr1:26761415_C>T	8126	1	0.00012306177701206005	0	8123	2
chr1:26761473_G>A	8127	0	0.0	1	8126	0
chr1:26762268_C>T	8127	0	0.0	0	8127	0
chr1:26763118_A>G	8125	1	0.00012307692307692307	1	8113	10
chr1:26763239_G>T	8127	2	0.0002460932693490833	0	8119	6
chr1:26766456_G>A	8126	0	0.0	4	8120	2
chr1:26767856_G>T	8124	1	0.00012309207287050715	1	8117	5
chr1:26767966_T>A	8124	2	0.0002461841457410143	1	8115	6
chr1:26771317_C>A	8126	0	0.0	4	8122	0
chr1:26771334_T>G	8126	1	0.00012306177701206005	0	8124	1
chr1:26771335_G>A	8125	0	0.0	0	8124	1
chr1:26772613_C>T	8127	0	0.0	0	8125	2
chr1:26772852_G>T	8125	1	0.00012307692307692307	1	8123	0
chr1:26772958_A>G	8123	0	0.0	0	8119	4
chr1:26773365_C>T	8121	0	0.0	0	8114	7
chr1:26773490_G>A	8126	1	0.00012306177701206005	0	8124	1
chr1:26773685_C>A	8128	1	0.00012303149606299212	0	8127	0
chr1:26773707_C>T	8127	1	0.00012304663467454166	0	8126	0
chr1:26773716_C>T	8124	0	0.0	7	8103	14
chr1:26774074_G>A	8118	4	0.0004927322000492732	3	8109	2
chr1:26774469_C>G	8126	0	0.0	0	8124	2
chr1:26779061_A>G	8126	1	0.00012306177701206005	0	8115	10
chr1:26779069_T>C	8126	0	0.0	4	8122	0
chr1:26780098_T>G	8127	0	0.0	0	8126	1
chr1:26780099_C>T	8127	1	0.00012304663467454166	0	8124	2
chr1:26780424_C>T	8126	2	0.0002461235540241201	1	8120	3
chr22:41147867_C>A	8118	0	0.0	5	8108	5
chr22:41147868_C>T	8118	3	0.0003695491500369549	1	8112	2
chr22:41147905_C>T	8122	0	0.0	1	8120	1
chr22:41149890_A>G	8123	2	0.0002462144527883787	0	8114	7
chr22:41160723_G>T	8121	2	0.00024627508927471984	1	8112	6
chr22:41170371_C>T	8115	1	0.00012322858903265557	0	8102	12
chr22:41170597_G>A	8126	0	0.0	0	8125	1
chr22:41173793_C>T	8117	0	0.0	8	8109	0
chr22:41176754_C>A	8125	0	0.0	1	8123	1
chr22:41177440_C>G	8124	1	0.00012309207287050715	0	8120	3
chr4:1806092_C>T	8111	1	0.00012328936012822092	5	8088	17
chr4:1806221_G>A	8122	1	0.00012312238364934746	22	8096	3
chr5:1295097_G>T	8121	3	0.0003694126339120798	1	8103	14
chr6:1312820_C>T	8118	5	0.0006159152500615915	0	8109	4
chr6:1312931_A>C	8116	1	0.0001232134056185313	3	8110	2
chr6:1313096_C>T	8119	2	0.0002463357556349304	10	8106	1
chr6:1313163_C>G	8122	4	0.0004924895345973898	0	8117	1
chr6:1313257_T>G	8123	0	0.0	3	8119	1
chr6:36684163_T>G	8125	0	0.0	2	8117	6
chr6:36684393_T>C	8118	1	0.0001231830500123183	2	8113	2
chr7:152148251_C>A	8125	0	0.0	12	8110	3
chr7:152148307_T>C	8127	2	0.0002460932693490833	1	8124	0
chr7:152315515_T>C	8099	0	0.0	1	8088	10
chrX:124051525_G>C	8045	0	0.0	0	8038	7
chrX:124083504_T>C	8119	1	0.0001231678778174652	0	8116	2
chrX:45020449_C>G	8026	0	0.0	0	7991	35
chrX:45085864_G>A	8116	0	0.0	6	8105	5
chrX:45085909_G>A	8122	0	0.0	2	8117	3
chrX:45085910_G>T	8122	0	0.0	2	8116	4
chrX:47169451_G>T	8121	4	0.0004925501785494397	2	8112	3
chrX:47173399_G>T	8107	3	0.00037005057357838907	2	8097	5
chrX:47175045_G>T	8119	1	0.0001231678778174652	5	8103	10
chrX:47175047_G>A	8119	1	0.0001231678778174652	6	8107	5
chrX:47175060_C>T	8118	0	0.0	10	8107	1
chrX:47176487_C>T	8124	0	0.0	4	8119	1
chrX:47176549_C>A	8121	0	0.0	8	8112	1
chrX:47179384_G>T	8121	1	0.00012313754463735992	0	8116	4
chrX:47179429_C>T	8122	0	0.0	4	8117	1
chrX:47179851_G>T	8108	1	0.000123334977799704	2	8104	1
chrX:47180237_T>G	8120	1	0.0001231527093596059	1	8113	5
chrX:47180310_G>A	8119	0	0.0	5	8110	4
chrX:47180417_A>G	8118	2	0.0002463661000246366	6	8075	35
chrX:47180627_G>C	8117	2	0.00024639645189109276	0	8109	6
chrX:47181276_A>C	8106	3	0.0003700962250185048	18	8070	15
chrX:47181402_G>T	8118	1	0.0001231830500123183	13	8096	8
chrX:47181520_C>T	8121	1	0.00012313754463735992	4	8110	6
chrX:47181804_A>T	8123	1	0.00012310722639418935	0	8114	8
chrX:47181845_C>T	8123	1	0.00012310722639418935	1	8119	2
chrX:47185161_A>C	8124	1	0.00012309207287050715	5	8116	2
chrX:47185203_A>G	8123	1	0.00012310722639418935	7	8114	1
chrX:47185205_G>A	8124	0	0.0	8	8116	0
chrX:47185572_G>C	8118	2	0.0002463661000246366	0	8100	16
chrX:47185631_G>A	8121	0	0.0	7	8111	3
chrX:47185715_G>C	8120	1	0.0001231527093596059	1	8107	11
chrX:47186091_T>C	8119	0	0.0	7	8108	4
chrX:47186092_G>T	8119	5	0.000615839389087326	1	8105	8
chrX:47186436_C>T	8118	2	0.0002463661000246366	2	8112	2
