GENE	SAMPLE	Observed_synonymous	Estimated_synonymous
ARID1A	BladderlocationDome	153.0	162.85189410063177
ARID1A	BladderlocationDome_SexF	44.0	53.45736099997216
ARID1A	BladderlocationDome_SexM	109.0	109.93845503118412
ARID1A	BladderlocationTrigone	185.0	175.08248315149908
ARID1A	BladderlocationTrigone_SexF	63.0	56.87208258735994
ARID1A	BladderlocationTrigone_SexM	122.0	117.92329560421136
ARID1A	HistoryofsmokingNo	65.0	66.41741115978024
ARID1A	HistoryofsmokingUnknown	12.0	15.289244628355933
ARID1A	HistoryofsmokingYes	261.0	258.6385303783793
ARID1A	P19_0001_BDO_01	1.0	0.8952320252550401
ARID1A	P19_0001_BTR_01	2.0	1.3269112808834225
ARID1A	P19_0002_BDO_01	7.0	7.13814629435294
ARID1A	P19_0002_BTR_01	16.0	11.060144914183212
ARID1A	P19_0003_BDO_01	3.0	5.810012592557189
ARID1A	P19_0004_BDO_01	6.0	4.574605573626354
ARID1A	P19_0004_BTR_01	3.0	5.014958507983345
ARID1A	P19_0005_BDO_01	5.0	4.175729083350229
ARID1A	P19_0005_BTR_01	3.0	3.825267139283424
ARID1A	P19_0006_BDO_01	1.0	2.0345786084169006
ARID1A	P19_0007_BDO_01	3.0	2.1554982954430524
ARID1A	P19_0007_BTR_01	3.0	2.265127736119107
ARID1A	P19_0008_BDO_01	14.0	9.67565753229314
ARID1A	P19_0008_BTR_01	13.0	16.22212649860104
ARID1A	P19_0009_BDO_01	4.0	3.0810528353377835
ARID1A	P19_0009_BTR_01	12.0	6.7499245433483726
ARID1A	P19_0011_BDO_01	2.0	3.1115868834332887
ARID1A	P19_0011_BTR_01	7.0	3.4759641551976475
ARID1A	P19_0012_BDO_01	6.0	7.618187725030171
ARID1A	P19_0012_BTR_01	15.0	11.738499102313806
ARID1A	P19_0013_BDO_01	1.0	2.4424185984376656
ARID1A	P19_0013_BTR_01	3.0	1.5375128636647164
ARID1A	P19_0014_BDO_01	8.0	6.3603769999273005
ARID1A	P19_0014_BTR_01	5.0	4.629617095106837
ARID1A	P19_0015_BDO_01	3.0	4.2781132446836425
ARID1A	P19_0015_BTR_01	5.0	4.085324703911388
ARID1A	P19_0016_BDO_01	3.0	2.738000865284719
ARID1A	P19_0016_BTR_01	3.0	3.218464931118856
ARID1A	P19_0018_BDO_01	7.0	5.2521762177728775
ARID1A	P19_0018_BTR_01	6.0	4.752237171750194
ARID1A	P19_0019_BDO_01	0.0	2.425652830455065
ARID1A	P19_0019_BTR_01	2.0	2.7809044901882407
ARID1A	P19_0020_BDO_01	4.0	2.9127107133015
ARID1A	P19_0020_BTR_01	1.0	2.389638791029007
ARID1A	P19_0023_BDO_01	8.0	7.576377042115133
ARID1A	P19_0023_BTR_01	7.0	9.49369305615466
ARID1A	P19_0024_BDO_01	6.0	3.89324609006898
ARID1A	P19_0024_BTR_01	4.0	2.129025132260956
ARID1A	P19_0025_BDO_01	0.0	0.9063135303657276
ARID1A	P19_0025_BTR_01	2.0	2.5923581944402105
ARID1A	P19_0026_BDO_01	2.0	4.714657177235615
ARID1A	P19_0026_BTR_01	1.0	2.837107597144631
ARID1A	P19_0027_BTR_01	9.0	3.816489758943813
ARID1A	P19_0028_BDO_01	1.0	5.194654488661353
ARID1A	P19_0028_BTR_01	3.0	4.428827946925463
ARID1A	P19_0029_BDO_01	5.0	2.828033046613891
ARID1A	P19_0029_BTR_01	2.0	3.5014706201965207
ARID1A	P19_0030_BTR_01	2.0	2.04735875968286
ARID1A	P19_0031_BTR_01	2.0	2.786793503731002
ARID1A	P19_0033_BDO_01	0.0	1.488163993236289
ARID1A	P19_0033_BTR_01	2.0	1.473645353272817
ARID1A	P19_0034_BDO_01	1.0	2.666850574509881
ARID1A	P19_0034_BTR_01	3.0	2.698914916801741
ARID1A	P19_0035_BDO_01	9.0	8.037563966969048
ARID1A	P19_0036_BTR_01	1.0	0.3819663246646594
ARID1A	P19_0038_BDO_01	7.0	8.866984966316123
ARID1A	P19_0039_BTR_01	6.0	5.911388383142131
ARID1A	P19_0040_BDO_01	3.0	3.806718322783631
ARID1A	P19_0040_BTR_01	3.0	2.045383040068049
ARID1A	P19_0041_BDO_01	0.0	1.8210763945819213
ARID1A	P19_0041_BTR_01	0.0	1.7894855846122428
ARID1A	P19_0042_BDO_01	6.0	5.663924268981397
ARID1A	P19_0042_BTR_01	2.0	4.024978232975159
ARID1A	P19_0043_BTR_01	3.0	3.5887389704427037
ARID1A	P19_0045_BDO_01	1.0	1.1307466388181182
ARID1A	P19_0045_BTR_01	0.0	0.6620630119465993
ARID1A	P19_0046_BDO_01	5.0	5.5390432545405925
ARID1A	P19_0046_BTR_01	0.0	1.900633339051086
ARID1A	P19_0047_BDO_01	4.0	3.3491571260968778
ARID1A	P19_0047_BTR_01	4.0	1.3246706583224075
ARID1A	P19_0048_BTR_01	6.0	7.615356147036986
ARID1A	P19_0050_BDO_01	3.0	7.269117520909713
ARID1A	P19_0050_BTR_01	8.0	10.254314275334364
ARID1A	P19_0051_BDO_01	7.0	4.732455909420862
ARID1A	P19_0051_BTR_01	9.0	4.778248326928923
ARID1A	P19_0052_BDO_01	1.0	0.8115995897159447
ARID1A	P19_0052_BTR_01	0.0	1.238892341061611
ARID1A	P19_0053_BDO_01	6.0	6.746438766938449
ARID1A	P19_0053_BTR_01	7.0	5.892907268063688
ARID1A	SexF	107.0	110.5810499486862
ARID1A	SexM	231.0	227.83212527764056
ARID1A	all_samples	338.0	338.0
CDKN1A	BladderlocationDome	18.0	18.39193961872635
CDKN1A	BladderlocationDome_SexF	3.0	5.645211514168885
CDKN1A	BladderlocationDome_SexM	15.0	12.834632804593657
CDKN1A	BladderlocationTrigone	23.0	22.68025401796181
CDKN1A	BladderlocationTrigone_SexF	7.0	8.36416795066018
CDKN1A	BladderlocationTrigone_SexM	16.0	14.34404943910965
CDKN1A	HistoryofsmokingNo	9.0	7.692292330000028
CDKN1A	HistoryofsmokingUnknown	2.0	2.7676165769271925
CDKN1A	HistoryofsmokingYes	30.0	30.34679989670082
CDKN1A	P19_0001_BDO_01	0.0	0.0869279109391538
CDKN1A	P19_0001_BTR_01	0.0	0.1264772380706094
CDKN1A	P19_0002_BDO_01	1.0	1.2495985667032987
CDKN1A	P19_0002_BTR_01	1.0	1.088756154916694
CDKN1A	P19_0003_BDO_01	0.0	0.3890163815401868
CDKN1A	P19_0004_BDO_01	1.0	0.6597786929663771
CDKN1A	P19_0004_BTR_01	1.0	0.9075996919844886
CDKN1A	P19_0005_BDO_01	0.0	0.484193912600419
CDKN1A	P19_0005_BTR_01	0.0	0.4061631764353267
CDKN1A	P19_0006_BDO_01	0.0	0.1522701926001856
CDKN1A	P19_0007_BDO_01	0.0	0.1304752725481794
CDKN1A	P19_0007_BTR_01	0.0	0.1612825325367345
CDKN1A	P19_0008_BDO_01	0.0	0.8403192883924092
CDKN1A	P19_0008_BTR_01	3.0	2.7597392511966734
CDKN1A	P19_0009_BDO_01	0.0	0.3090086133517729
CDKN1A	P19_0009_BTR_01	1.0	2.432414912638817
CDKN1A	P19_0011_BDO_01	0.0	0.3076544815005762
CDKN1A	P19_0011_BTR_01	0.0	0.4553929868183293
CDKN1A	P19_0012_BDO_01	1.0	0.6841099297910742
CDKN1A	P19_0012_BTR_01	2.0	1.7263260902560382
CDKN1A	P19_0013_BDO_01	0.0	0.3873834159716277
CDKN1A	P19_0013_BTR_01	0.0	0.1651354774968416
CDKN1A	P19_0014_BDO_01	2.0	0.6080742577003724
CDKN1A	P19_0014_BTR_01	1.0	0.5155620913447113
CDKN1A	P19_0015_BDO_01	0.0	0.485541897469225
CDKN1A	P19_0015_BTR_01	2.0	0.6274394813851024
CDKN1A	P19_0016_BDO_01	0.0	0.4182183923989394
CDKN1A	P19_0016_BTR_01	2.0	0.5258571352232096
CDKN1A	P19_0018_BDO_01	0.0	0.4424847482462954
CDKN1A	P19_0018_BTR_01	0.0	0.3533865633898199
CDKN1A	P19_0019_BDO_01	0.0	0.2570362307008426
CDKN1A	P19_0019_BTR_01	0.0	0.2902091733019891
CDKN1A	P19_0020_BDO_01	0.0	0.2509892917318382
CDKN1A	P19_0020_BTR_01	0.0	0.2143583899016842
CDKN1A	P19_0023_BDO_01	0.0	0.8397448663610464
CDKN1A	P19_0023_BTR_01	2.0	1.1537874243752453
CDKN1A	P19_0024_BDO_01	0.0	0.4689541559359397
CDKN1A	P19_0024_BTR_01	0.0	0.2626087531500911
CDKN1A	P19_0025_BDO_01	0.0	0.116758735419912
CDKN1A	P19_0025_BTR_01	0.0	0.2278425616089399
CDKN1A	P19_0026_BDO_01	0.0	0.6705339215621543
CDKN1A	P19_0026_BTR_01	0.0	0.315154920634778
CDKN1A	P19_0027_BTR_01	0.0	0.2735755409730513
CDKN1A	P19_0028_BDO_01	1.0	0.7334819497235131
CDKN1A	P19_0028_BTR_01	0.0	0.5190869290112945
CDKN1A	P19_0029_BDO_01	0.0	0.3355182082564487
CDKN1A	P19_0029_BTR_01	0.0	0.4561046864824435
CDKN1A	P19_0030_BTR_01	0.0	0.176328762493596
CDKN1A	P19_0031_BTR_01	1.0	1.0813064264747752
CDKN1A	P19_0033_BDO_01	0.0	0.1697131918254615
CDKN1A	P19_0033_BTR_01	0.0	0.4949141274794755
CDKN1A	P19_0034_BDO_01	2.0	0.3772620439263202
CDKN1A	P19_0034_BTR_01	1.0	0.3928086251034189
CDKN1A	P19_0035_BDO_01	0.0	0.7030445187740689
CDKN1A	P19_0036_BTR_01	0.0	0.0889103205625675
CDKN1A	P19_0038_BDO_01	1.0	0.8455236722863445
CDKN1A	P19_0039_BTR_01	0.0	0.4214157806340949
CDKN1A	P19_0040_BDO_01	0.0	0.5359936453775158
CDKN1A	P19_0040_BTR_01	0.0	0.2269115990920577
CDKN1A	P19_0041_BDO_01	0.0	0.238766799175127
CDKN1A	P19_0041_BTR_01	2.0	0.2969058149515197
CDKN1A	P19_0042_BDO_01	3.0	2.345812873917565
CDKN1A	P19_0042_BTR_01	2.0	0.8866391559527832
CDKN1A	P19_0043_BTR_01	1.0	0.5945583688004974
CDKN1A	P19_0045_BDO_01	0.0	0.1422945989503715
CDKN1A	P19_0045_BTR_01	0.0	0.0881834571942968
CDKN1A	P19_0046_BDO_01	1.0	0.9142708741729736
CDKN1A	P19_0046_BTR_01	0.0	0.4547364615417372
CDKN1A	P19_0047_BDO_01	0.0	0.4607935110800558
CDKN1A	P19_0047_BTR_01	0.0	0.1743084501607835
CDKN1A	P19_0048_BTR_01	1.0	0.9743650233053208
CDKN1A	P19_0050_BDO_01	3.0	0.2504161361125119
CDKN1A	P19_0050_BTR_01	0.0	0.4780623463744878
CDKN1A	P19_0051_BDO_01	0.0	0.2006231238651895
CDKN1A	P19_0051_BTR_01	0.0	0.254398392099227
CDKN1A	P19_0052_BDO_01	0.0	0.070877281654717
CDKN1A	P19_0052_BTR_01	0.0	0.0997440533579814
CDKN1A	P19_0053_BDO_01	2.0	0.3438089601528402
CDKN1A	P19_0053_BTR_01	0.0	0.2515010355955122
CDKN1A	SexF	10.0	13.857645805261072
CDKN1A	SexM	31.0	27.1736345068013
CDKN1A	all_samples	41.0	41.0
CREBBP	BladderlocationDome	137.0	139.25614369993588
CREBBP	BladderlocationDome_SexF	47.0	46.994933632444685
CREBBP	BladderlocationDome_SexM	90.0	92.55198233717124
CREBBP	BladderlocationTrigone	152.0	149.7064052156423
CREBBP	BladderlocationTrigone_SexF	59.0	48.30202878604636
CREBBP	BladderlocationTrigone_SexM	93.0	101.16040311826718
CREBBP	HistoryofsmokingNo	63.0	60.67529395002224
CREBBP	HistoryofsmokingUnknown	26.0	14.220762609360374
CREBBP	HistoryofsmokingYes	200.0	213.89202524388543
CREBBP	P19_0001_BDO_01	0.0	0.6766473639962154
CREBBP	P19_0001_BTR_01	1.0	1.022792235192797
CREBBP	P19_0002_BDO_01	5.0	6.916465691968087
CREBBP	P19_0002_BTR_01	14.0	9.64028808106398
CREBBP	P19_0003_BDO_01	4.0	4.02996238431076
CREBBP	P19_0004_BDO_01	2.0	4.507249360182289
CREBBP	P19_0004_BTR_01	4.0	4.695449119251207
CREBBP	P19_0005_BDO_01	3.0	3.571455831912272
CREBBP	P19_0005_BTR_01	5.0	3.190638907799831
CREBBP	P19_0006_BDO_01	1.0	1.5024946748870345
CREBBP	P19_0007_BDO_01	1.0	1.2897561553667347
CREBBP	P19_0007_BTR_01	3.0	1.807388332904862
CREBBP	P19_0008_BDO_01	4.0	7.498931864566232
CREBBP	P19_0008_BTR_01	10.0	14.059627748214355
CREBBP	P19_0009_BDO_01	2.0	2.6725178647883654
CREBBP	P19_0009_BTR_01	8.0	6.172798909232447
CREBBP	P19_0011_BDO_01	5.0	2.9536134635115
CREBBP	P19_0011_BTR_01	4.0	3.5426925054975347
CREBBP	P19_0012_BDO_01	6.0	5.179736221341189
CREBBP	P19_0012_BTR_01	14.0	9.676707049592808
CREBBP	P19_0013_BDO_01	2.0	2.50171591913021
CREBBP	P19_0013_BTR_01	1.0	1.2767539616215122
CREBBP	P19_0014_BDO_01	4.0	4.703391556028548
CREBBP	P19_0014_BTR_01	3.0	3.8582031297721526
CREBBP	P19_0015_BDO_01	6.0	3.906322895723955
CREBBP	P19_0015_BTR_01	7.0	4.374807955770309
CREBBP	P19_0016_BDO_01	1.0	2.908757338382601
CREBBP	P19_0016_BTR_01	4.0	3.0731637604391517
CREBBP	P19_0018_BDO_01	5.0	3.994816335747773
CREBBP	P19_0018_BTR_01	4.0	3.822589593174981
CREBBP	P19_0019_BDO_01	1.0	2.926293148855235
CREBBP	P19_0019_BTR_01	2.0	2.936290622813344
CREBBP	P19_0020_BDO_01	3.0	3.0031136704214085
CREBBP	P19_0020_BTR_01	4.0	2.281357441137073
CREBBP	P19_0023_BDO_01	4.0	7.816033514041021
CREBBP	P19_0023_BTR_01	5.0	9.747857088021457
CREBBP	P19_0024_BDO_01	7.0	3.840066565739863
CREBBP	P19_0024_BTR_01	3.0	2.6629530199394438
CREBBP	P19_0025_BDO_01	2.0	1.2646258572442246
CREBBP	P19_0025_BTR_01	2.0	2.6306518833699144
CREBBP	P19_0026_BDO_01	4.0	3.553381393014178
CREBBP	P19_0026_BTR_01	0.0	2.8505923543385223
CREBBP	P19_0027_BTR_01	2.0	2.67499006423266
CREBBP	P19_0028_BDO_01	6.0	5.888782237772404
CREBBP	P19_0028_BTR_01	1.0	4.3902178880220095
CREBBP	P19_0029_BDO_01	3.0	2.3768697877709
CREBBP	P19_0029_BTR_01	2.0	3.1972248240062857
CREBBP	P19_0030_BTR_01	2.0	1.3322381234923515
CREBBP	P19_0031_BTR_01	8.0	2.0706165596561013
CREBBP	P19_0033_BDO_01	3.0	1.1843083912120036
CREBBP	P19_0033_BTR_01	0.0	0.8423407075600502
CREBBP	P19_0034_BDO_01	4.0	2.934066733444451
CREBBP	P19_0034_BTR_01	2.0	3.362740045081928
CREBBP	P19_0035_BDO_01	7.0	7.056900315883397
CREBBP	P19_0036_BTR_01	0.0	0.4388488441924419
CREBBP	P19_0038_BDO_01	11.0	6.542632045689033
CREBBP	P19_0039_BTR_01	7.0	4.678416002111732
CREBBP	P19_0040_BDO_01	2.0	3.763371282946789
CREBBP	P19_0040_BTR_01	2.0	1.8979652954273176
CREBBP	P19_0041_BDO_01	1.0	2.050898028898782
CREBBP	P19_0041_BTR_01	3.0	2.293568346753023
CREBBP	P19_0042_BDO_01	3.0	3.840277171757104
CREBBP	P19_0042_BTR_01	3.0	3.2120002402920824
CREBBP	P19_0043_BTR_01	2.0	2.261568080002881
CREBBP	P19_0045_BDO_01	2.0	1.509871838995564
CREBBP	P19_0045_BTR_01	0.0	0.8552940744608422
CREBBP	P19_0046_BDO_01	10.0	5.571862975185846
CREBBP	P19_0046_BTR_01	1.0	1.4964319716786565
CREBBP	P19_0047_BDO_01	4.0	2.632467175711004
CREBBP	P19_0047_BTR_01	2.0	1.4528563210535588
CREBBP	P19_0048_BTR_01	4.0	7.139560726249031
CREBBP	P19_0050_BDO_01	3.0	5.470026990570149
CREBBP	P19_0050_BTR_01	4.0	5.823831649559183
CREBBP	P19_0051_BDO_01	2.0	2.86332307444867
CREBBP	P19_0051_BTR_01	4.0	3.315362526333698
CREBBP	P19_0052_BDO_01	0.0	0.6514145638394584
CREBBP	P19_0052_BTR_01	0.0	1.051782170221364
CREBBP	P19_0053_BDO_01	4.0	4.159187450993319
CREBBP	P19_0053_BTR_01	5.0	3.4626384934861902
CREBBP	SexF	106.0	95.62055031024396
CREBBP	SexM	183.0	193.69060225883024
CREBBP	all_samples	289.0	289.0
EP300	BladderlocationDome	124.0	118.31600552307296
EP300	BladderlocationDome_SexF	36.0	39.00249570389398
EP300	BladderlocationDome_SexM	88.0	79.69924201663304
EP300	BladderlocationTrigone	117.0	122.52079661936048
EP300	BladderlocationTrigone_SexF	37.0	39.25558098867091
EP300	BladderlocationTrigone_SexM	80.0	83.07624310094383
EP300	HistoryofsmokingNo	53.0	50.79306215327284
EP300	HistoryofsmokingUnknown	10.0	11.03461787394352
EP300	HistoryofsmokingYes	178.0	179.7636887602139
EP300	P19_0001_BDO_01	1.0	0.6466253149372485
EP300	P19_0001_BTR_01	1.0	0.96951595492695
EP300	P19_0002_BDO_01	5.0	5.367358796811261
EP300	P19_0002_BTR_01	13.0	8.41584823210374
EP300	P19_0003_BDO_01	3.0	3.879215843021354
EP300	P19_0004_BDO_01	3.0	3.167356495425028
EP300	P19_0004_BTR_01	0.0	3.1759476112763143
EP300	P19_0005_BDO_01	3.0	3.174290836496179
EP300	P19_0005_BTR_01	2.0	2.964401694223978
EP300	P19_0006_BDO_01	1.0	1.404987045439387
EP300	P19_0007_BDO_01	0.0	1.3367231693915524
EP300	P19_0007_BTR_01	3.0	1.4983958732331792
EP300	P19_0008_BDO_01	2.0	6.38246128580562
EP300	P19_0008_BTR_01	9.0	9.55001301409635
EP300	P19_0009_BDO_01	2.0	2.186564818201993
EP300	P19_0009_BTR_01	5.0	3.8456771461861177
EP300	P19_0011_BDO_01	4.0	2.4639132781190973
EP300	P19_0011_BTR_01	2.0	2.8669393905782075
EP300	P19_0012_BDO_01	6.0	4.771861274718031
EP300	P19_0012_BTR_01	5.0	7.798023010669132
EP300	P19_0013_BDO_01	4.0	2.00774506645782
EP300	P19_0013_BTR_01	2.0	1.1676773655594344
EP300	P19_0014_BDO_01	7.0	4.424519673135268
EP300	P19_0014_BTR_01	4.0	3.395518350165092
EP300	P19_0015_BDO_01	5.0	3.4384384803366883
EP300	P19_0015_BTR_01	4.0	3.173441997216035
EP300	P19_0016_BDO_01	6.0	2.3191716389849897
EP300	P19_0016_BTR_01	4.0	2.5801806754758734
EP300	P19_0018_BDO_01	2.0	3.6346033903826607
EP300	P19_0018_BTR_01	5.0	3.450040763767933
EP300	P19_0019_BDO_01	1.0	2.116195057564872
EP300	P19_0019_BTR_01	1.0	2.213979827008682
EP300	P19_0020_BDO_01	3.0	2.419174641024016
EP300	P19_0020_BTR_01	1.0	1.7894687705817922
EP300	P19_0023_BDO_01	9.0	6.12627494896342
EP300	P19_0023_BTR_01	10.0	7.591347430808159
EP300	P19_0024_BDO_01	5.0	3.124599051204637
EP300	P19_0024_BTR_01	3.0	1.7110213369109242
EP300	P19_0025_BDO_01	1.0	0.8913308752764368
EP300	P19_0025_BTR_01	2.0	2.212389492158643
EP300	P19_0026_BDO_01	7.0	3.133409195381832
EP300	P19_0026_BTR_01	5.0	2.18010752657969
EP300	P19_0027_BTR_01	1.0	2.7358425272996247
EP300	P19_0028_BDO_01	4.0	4.105707676058376
EP300	P19_0028_BTR_01	3.0	3.0444797731669304
EP300	P19_0029_BDO_01	0.0	2.091490016969705
EP300	P19_0029_BTR_01	0.0	2.404325286208849
EP300	P19_0030_BTR_01	0.0	1.2969087672904258
EP300	P19_0031_BTR_01	0.0	1.5869077157177085
EP300	P19_0033_BDO_01	1.0	1.0704787698377505
EP300	P19_0033_BTR_01	1.0	1.0364996680047645
EP300	P19_0034_BDO_01	3.0	2.2212684935119613
EP300	P19_0034_BTR_01	3.0	2.359530702590953
EP300	P19_0035_BDO_01	7.0	6.199948611332227
EP300	P19_0036_BTR_01	1.0	0.329361620745713
EP300	P19_0038_BDO_01	4.0	5.916833055046798
EP300	P19_0039_BTR_01	2.0	4.038156249842208
EP300	P19_0040_BDO_01	4.0	2.8666652015488987
EP300	P19_0040_BTR_01	1.0	1.7766697612010365
EP300	P19_0041_BDO_01	2.0	1.5441871927750428
EP300	P19_0041_BTR_01	0.0	1.5341908495032397
EP300	P19_0042_BDO_01	3.0	3.6183998825602863
EP300	P19_0042_BTR_01	0.0	2.860855834407726
EP300	P19_0043_BTR_01	1.0	1.998495007032455
EP300	P19_0045_BDO_01	1.0	1.2226696799080363
EP300	P19_0045_BTR_01	0.0	0.6293186602790819
EP300	P19_0046_BDO_01	3.0	4.086245446861781
EP300	P19_0046_BTR_01	3.0	1.3585687994926725
EP300	P19_0047_BDO_01	4.0	2.5390390494992
EP300	P19_0047_BTR_01	0.0	1.043574784193217
EP300	P19_0048_BTR_01	7.0	5.764191373991509
EP300	P19_0050_BDO_01	5.0	5.666501137922646
EP300	P19_0050_BTR_01	3.0	6.181848392131914
EP300	P19_0051_BDO_01	1.0	3.029985390468996
EP300	P19_0051_BTR_01	2.0	3.305533552187449
EP300	P19_0052_BDO_01	0.0	0.5522320819054019
EP300	P19_0052_BTR_01	4.0	0.9345359241505328
EP300	P19_0053_BDO_01	2.0	4.348553521677697
EP300	P19_0053_BTR_01	4.0	3.689926936291653
EP300	SexF	73.0	78.5968150245507
EP300	SexM	168.0	162.73935267403215
EP300	all_samples	241.0	241.0
FGFR3	BladderlocationDome	32.0	30.43472849746297
FGFR3	BladderlocationDome_SexF	15.0	9.102558541139668
FGFR3	BladderlocationDome_SexM	17.0	21.49133990865318
FGFR3	BladderlocationTrigone	40.0	41.8360202784128
FGFR3	BladderlocationTrigone_SexF	14.0	15.658220781039589
FGFR3	BladderlocationTrigone_SexM	26.0	26.262211131426128
FGFR3	HistoryofsmokingNo	20.0	12.237306836910925
FGFR3	HistoryofsmokingUnknown	4.0	4.784079960807425
FGFR3	HistoryofsmokingYes	48.0	54.85633967870107
FGFR3	P19_0001_BDO_01	0.0	0.09300563945469
FGFR3	P19_0001_BTR_01	1.0	0.1438277549578871
FGFR3	P19_0002_BDO_01	5.0	2.133059082585688
FGFR3	P19_0002_BTR_01	4.0	1.570011913635604
FGFR3	P19_0003_BDO_01	1.0	0.4940676060778105
FGFR3	P19_0004_BDO_01	0.0	1.5713172178197294
FGFR3	P19_0004_BTR_01	1.0	2.192769480168691
FGFR3	P19_0005_BDO_01	1.0	0.5488193171300216
FGFR3	P19_0005_BTR_01	1.0	0.4526636899497811
FGFR3	P19_0006_BDO_01	0.0	0.2040136765725975
FGFR3	P19_0007_BDO_01	0.0	0.1665923889502089
FGFR3	P19_0007_BTR_01	0.0	0.417540421031187
FGFR3	P19_0008_BDO_01	1.0	1.2030602208161982
FGFR3	P19_0008_BTR_01	5.0	5.455654983975719
FGFR3	P19_0009_BDO_01	0.0	0.6539413067653301
FGFR3	P19_0009_BTR_01	2.0	4.993892294811782
FGFR3	P19_0011_BDO_01	1.0	0.5447114784949002
FGFR3	P19_0011_BTR_01	1.0	0.812033082399028
FGFR3	P19_0012_BDO_01	0.0	0.9240586644052446
FGFR3	P19_0012_BTR_01	1.0	3.0649588856075867
FGFR3	P19_0013_BDO_01	0.0	0.3823679526753198
FGFR3	P19_0013_BTR_01	0.0	0.1795044941298829
FGFR3	P19_0014_BDO_01	0.0	0.7763352108501608
FGFR3	P19_0014_BTR_01	0.0	0.777919826089015
FGFR3	P19_0015_BDO_01	1.0	0.5793810300201196
FGFR3	P19_0015_BTR_01	0.0	1.2954250773065958
FGFR3	P19_0016_BDO_01	0.0	0.6495726818431609
FGFR3	P19_0016_BTR_01	1.0	0.7568066610810255
FGFR3	P19_0018_BDO_01	0.0	0.5717528841957944
FGFR3	P19_0018_BTR_01	0.0	0.4899588607687334
FGFR3	P19_0019_BDO_01	2.0	0.6182684634637219
FGFR3	P19_0019_BTR_01	0.0	0.58022521348041
FGFR3	P19_0020_BDO_01	0.0	0.4829518046618417
FGFR3	P19_0020_BTR_01	0.0	0.4480670666706437
FGFR3	P19_0023_BDO_01	0.0	1.207356133349404
FGFR3	P19_0023_BTR_01	0.0	1.587040374911258
FGFR3	P19_0024_BDO_01	1.0	0.6729142815843109
FGFR3	P19_0024_BTR_01	0.0	0.7743940311914876
FGFR3	P19_0025_BDO_01	1.0	0.2628735740776541
FGFR3	P19_0025_BTR_01	1.0	0.4899299315843646
FGFR3	P19_0026_BDO_01	2.0	0.8049904699002958
FGFR3	P19_0026_BTR_01	0.0	0.5809037886032659
FGFR3	P19_0027_BTR_01	0.0	0.2972745166052618
FGFR3	P19_0028_BDO_01	1.0	1.892451504641393
FGFR3	P19_0028_BTR_01	1.0	1.294587472539794
FGFR3	P19_0029_BDO_01	2.0	0.4408088847352569
FGFR3	P19_0029_BTR_01	2.0	1.2693689863923907
FGFR3	P19_0030_BTR_01	0.0	0.1898739741044101
FGFR3	P19_0031_BTR_01	0.0	1.308810598001689
FGFR3	P19_0033_BDO_01	1.0	0.2923293601454525
FGFR3	P19_0033_BTR_01	1.0	0.3919251948782684
FGFR3	P19_0034_BDO_01	3.0	0.6768087692670102
FGFR3	P19_0034_BTR_01	4.0	0.9791854215070136
FGFR3	P19_0035_BDO_01	1.0	1.2958753542018029
FGFR3	P19_0036_BTR_01	0.0	0.0956656959725982
FGFR3	P19_0038_BDO_01	2.0	1.3354334700345571
FGFR3	P19_0039_BTR_01	1.0	0.8492486836850482
FGFR3	P19_0040_BDO_01	1.0	0.8897245544931952
FGFR3	P19_0040_BTR_01	1.0	0.2705537257503607
FGFR3	P19_0041_BDO_01	0.0	0.398402347672225
FGFR3	P19_0041_BTR_01	1.0	0.8339333657482152
FGFR3	P19_0042_BDO_01	0.0	2.804646458430764
FGFR3	P19_0042_BTR_01	2.0	1.3713125913110886
FGFR3	P19_0043_BTR_01	1.0	1.2306239193337665
FGFR3	P19_0045_BDO_01	1.0	0.260607189553762
FGFR3	P19_0045_BTR_01	0.0	0.1770274914180563
FGFR3	P19_0046_BDO_01	2.0	1.887448127172218
FGFR3	P19_0046_BTR_01	2.0	0.7377776245786644
FGFR3	P19_0047_BDO_01	1.0	0.8729864093341813
FGFR3	P19_0047_BTR_01	0.0	0.3643191065446703
FGFR3	P19_0048_BTR_01	0.0	1.679496263935836
FGFR3	P19_0050_BDO_01	1.0	0.5113923073197618
FGFR3	P19_0050_BTR_01	6.0	0.7863721237176594
FGFR3	P19_0051_BDO_01	0.0	0.3400029573033297
FGFR3	P19_0051_BTR_01	0.0	0.4197201510613985
FGFR3	P19_0052_BDO_01	0.0	0.1138637297497833
FGFR3	P19_0052_BTR_01	0.0	0.1833945927056337
FGFR3	P19_0053_BDO_01	0.0	0.4824533351553483
FGFR3	P19_0053_BTR_01	0.0	0.3732866902592568
FGFR3	SexF	29.0	24.299817781662167
FGFR3	SexM	43.0	47.7411499192228
FGFR3	all_samples	72.0	72.0
FOXQ1	BladderlocationDome	69.0	49.45505443369403
FOXQ1	BladderlocationDome_SexF	15.0	14.521179164340111
FOXQ1	BladderlocationDome_SexM	54.0	35.226608515589305
FOXQ1	BladderlocationTrigone	61.0	80.94727120558412
FOXQ1	BladderlocationTrigone_SexF	27.0	37.58436835682189
FOXQ1	BladderlocationTrigone_SexM	34.0	44.3211564150117
FOXQ1	HistoryofsmokingNo	23.0	19.51158068388096
FOXQ1	HistoryofsmokingUnknown	10.0	13.033125482406245
FOXQ1	HistoryofsmokingYes	97.0	95.99679148652896
FOXQ1	P19_0001_BDO_01	0.0	0.1585391771547514
FOXQ1	P19_0001_BTR_01	1.0	0.2019733113845119
FOXQ1	P19_0002_BDO_01	3.0	4.150135592662056
FOXQ1	P19_0002_BTR_01	0.0	2.1109302385367905
FOXQ1	P19_0003_BDO_01	1.0	0.9487699966255198
FOXQ1	P19_0004_BDO_01	5.0	1.3730853780650487
FOXQ1	P19_0004_BTR_01	4.0	1.899422478727011
FOXQ1	P19_0005_BDO_01	1.0	0.847521010790341
FOXQ1	P19_0005_BTR_01	1.0	0.7438203940732302
FOXQ1	P19_0006_BDO_01	1.0	0.2866745151618551
FOXQ1	P19_0007_BDO_01	1.0	0.3483923964694146
FOXQ1	P19_0007_BTR_01	0.0	0.4917980901959362
FOXQ1	P19_0008_BDO_01	2.0	2.045186811949247
FOXQ1	P19_0008_BTR_01	3.0	5.649487330834519
FOXQ1	P19_0009_BDO_01	2.0	0.6315741265750351
FOXQ1	P19_0009_BTR_01	6.0	11.96726303490368
FOXQ1	P19_0011_BDO_01	0.0	0.4973179104562635
FOXQ1	P19_0011_BTR_01	1.0	0.7535841449233834
FOXQ1	P19_0012_BDO_01	3.0	1.6184999178488972
FOXQ1	P19_0012_BTR_01	2.0	4.474831008761112
FOXQ1	P19_0013_BDO_01	1.0	0.967402410376932
FOXQ1	P19_0013_BTR_01	0.0	0.384632244498335
FOXQ1	P19_0014_BDO_01	4.0	1.4317349265665078
FOXQ1	P19_0014_BTR_01	2.0	0.9334333829543164
FOXQ1	P19_0015_BDO_01	1.0	0.7820381407589604
FOXQ1	P19_0015_BTR_01	1.0	1.1921187156411108
FOXQ1	P19_0016_BDO_01	2.0	0.8804293719803482
FOXQ1	P19_0016_BTR_01	1.0	1.271949472774646
FOXQ1	P19_0018_BDO_01	1.0	0.981936583117075
FOXQ1	P19_0018_BTR_01	0.0	0.5705881065732712
FOXQ1	P19_0019_BDO_01	0.0	0.6665635982612781
FOXQ1	P19_0019_BTR_01	1.0	0.7087853384566357
FOXQ1	P19_0020_BDO_01	0.0	0.5972223474577348
FOXQ1	P19_0020_BTR_01	2.0	0.6300822051932976
FOXQ1	P19_0023_BDO_01	0.0	1.2789016610083686
FOXQ1	P19_0023_BTR_01	1.0	1.6922215869677504
FOXQ1	P19_0024_BDO_01	0.0	0.8343413754691515
FOXQ1	P19_0024_BTR_01	0.0	0.4489267661822886
FOXQ1	P19_0025_BDO_01	1.0	0.3542040796801434
FOXQ1	P19_0025_BTR_01	0.0	0.4640538347497669
FOXQ1	P19_0026_BDO_01	0.0	1.169449758235147
FOXQ1	P19_0026_BTR_01	0.0	0.5590081657931165
FOXQ1	P19_0027_BTR_01	0.0	0.6344429365676809
FOXQ1	P19_0028_BDO_01	5.0	2.190209616343958
FOXQ1	P19_0028_BTR_01	3.0	1.7047358471305647
FOXQ1	P19_0029_BDO_01	0.0	0.5656286084438501
FOXQ1	P19_0029_BTR_01	2.0	1.8589860680618355
FOXQ1	P19_0030_BTR_01	0.0	0.4070175857653024
FOXQ1	P19_0031_BTR_01	4.0	4.709226545894793
FOXQ1	P19_0033_BDO_01	0.0	0.4231661911037627
FOXQ1	P19_0033_BTR_01	6.0	2.5570456447263363
FOXQ1	P19_0034_BDO_01	0.0	0.7981186300729757
FOXQ1	P19_0034_BTR_01	1.0	0.8873059425227766
FOXQ1	P19_0035_BDO_01	3.0	1.618490235345273
FOXQ1	P19_0036_BTR_01	1.0	0.3121014901776042
FOXQ1	P19_0038_BDO_01	1.0	1.6460222219718292
FOXQ1	P19_0039_BTR_01	2.0	1.0422119127006455
FOXQ1	P19_0040_BDO_01	0.0	1.1248606950791316
FOXQ1	P19_0040_BTR_01	1.0	0.5603284667635026
FOXQ1	P19_0041_BDO_01	0.0	0.5740968958737944
FOXQ1	P19_0041_BTR_01	2.0	0.8969779448876459
FOXQ1	P19_0042_BDO_01	15.0	9.892422802388024
FOXQ1	P19_0042_BTR_01	4.0	3.911223430895243
FOXQ1	P19_0043_BTR_01	4.0	4.808581024824191
FOXQ1	P19_0045_BDO_01	1.0	0.4713010267726758
FOXQ1	P19_0045_BTR_01	1.0	0.2973617024605348
FOXQ1	P19_0046_BDO_01	3.0	2.7267464322969928
FOXQ1	P19_0046_BTR_01	1.0	3.683216316993312
FOXQ1	P19_0047_BDO_01	0.0	1.0077010630547123
FOXQ1	P19_0047_BTR_01	0.0	0.5718788562901342
FOXQ1	P19_0048_BTR_01	0.0	2.1307504756738083
FOXQ1	P19_0050_BDO_01	4.0	0.9368321465779677
FOXQ1	P19_0050_BTR_01	1.0	1.5884210203605096
FOXQ1	P19_0051_BDO_01	3.0	0.6825451456291394
FOXQ1	P19_0051_BTR_01	1.0	0.7986328807625072
FOXQ1	P19_0052_BDO_01	1.0	0.2706653213511833
FOXQ1	P19_0052_BTR_01	1.0	0.4385577190640561
FOXQ1	P19_0053_BDO_01	4.0	1.0458263367926417
FOXQ1	P19_0053_BTR_01	0.0	0.8946109565174187
FOXQ1	SexF	42.0	50.471026606603175
FOXQ1	SexM	88.0	79.67750983416242
FOXQ1	all_samples	130.0	130.0
KDM6A	BladderlocationDome	42.0	43.48902383082397
KDM6A	BladderlocationDome_SexF	20.0	20.536853659810973
KDM6A	BladderlocationDome_SexM	22.0	21.945044323941325
KDM6A	BladderlocationTrigone	46.0	44.42315053694756
KDM6A	BladderlocationTrigone_SexF	21.0	21.38995921330517
KDM6A	BladderlocationTrigone_SexM	25.0	22.88995802394283
KDM6A	HistoryofsmokingNo	18.0	21.263551717235423
KDM6A	HistoryofsmokingUnknown	8.0	5.1097900988058855
KDM6A	HistoryofsmokingYes	62.0	60.30113596555323
KDM6A	P19_0001_BDO_01	0.0	0.1852648121544001
KDM6A	P19_0001_BTR_01	1.0	0.2689496622708319
KDM6A	P19_0002_BDO_01	4.0	2.610799167324559
KDM6A	P19_0002_BTR_01	3.0	4.425611959425654
KDM6A	P19_0003_BDO_01	1.0	2.2594044096754184
KDM6A	P19_0004_BDO_01	1.0	0.7356360404685921
KDM6A	P19_0004_BTR_01	0.0	0.6314829646644519
KDM6A	P19_0005_BDO_01	1.0	1.9519838539189611
KDM6A	P19_0005_BTR_01	1.0	1.8778194653275304
KDM6A	P19_0006_BDO_01	3.0	0.8660160999605094
KDM6A	P19_0007_BDO_01	1.0	0.3810313516357357
KDM6A	P19_0007_BTR_01	0.0	0.3292865066961973
KDM6A	P19_0008_BDO_01	2.0	1.66998195203722
KDM6A	P19_0008_BTR_01	2.0	2.3069680547487423
KDM6A	P19_0009_BDO_01	1.0	0.9439851345968484
KDM6A	P19_0009_BTR_01	1.0	1.7539688494743877
KDM6A	P19_0011_BDO_01	0.0	0.6277099244109098
KDM6A	P19_0011_BTR_01	1.0	0.7406573717518509
KDM6A	P19_0012_BDO_01	2.0	2.4528923168092143
KDM6A	P19_0012_BTR_01	5.0	4.053978362244688
KDM6A	P19_0013_BDO_01	0.0	0.9573677623885944
KDM6A	P19_0013_BTR_01	0.0	0.5968973639572638
KDM6A	P19_0014_BDO_01	1.0	1.2525618433622696
KDM6A	P19_0014_BTR_01	1.0	0.8393158169294951
KDM6A	P19_0015_BDO_01	1.0	1.0369368948302675
KDM6A	P19_0015_BTR_01	1.0	0.8848653843942436
KDM6A	P19_0016_BDO_01	0.0	0.7357497673113541
KDM6A	P19_0016_BTR_01	0.0	0.9157560382848776
KDM6A	P19_0018_BDO_01	0.0	1.0399142140197588
KDM6A	P19_0018_BTR_01	1.0	0.9093331058629274
KDM6A	P19_0019_BDO_01	1.0	1.0633818141445823
KDM6A	P19_0019_BTR_01	2.0	1.15367924099522
KDM6A	P19_0020_BDO_01	2.0	1.301707638976196
KDM6A	P19_0020_BTR_01	1.0	0.9049655352108176
KDM6A	P19_0023_BDO_01	3.0	1.851137007598573
KDM6A	P19_0023_BTR_01	5.0	2.4621773595470864
KDM6A	P19_0024_BDO_01	0.0	0.9239374378035397
KDM6A	P19_0024_BTR_01	0.0	0.3419327397361099
KDM6A	P19_0025_BDO_01	1.0	0.4455055969941023
KDM6A	P19_0025_BTR_01	0.0	1.1773991221707267
KDM6A	P19_0026_BDO_01	0.0	0.9500777927639024
KDM6A	P19_0026_BTR_01	0.0	0.5423317579088359
KDM6A	P19_0027_BTR_01	1.0	0.755665775287796
KDM6A	P19_0028_BDO_01	3.0	0.9472028752464844
KDM6A	P19_0028_BTR_01	1.0	0.6583596896766184
KDM6A	P19_0029_BDO_01	3.0	1.2813163283715994
KDM6A	P19_0029_BTR_01	2.0	1.1731420401565655
KDM6A	P19_0030_BTR_01	1.0	0.6827199679418172
KDM6A	P19_0031_BTR_01	2.0	0.6500962442681595
KDM6A	P19_0033_BDO_01	0.0	0.5603026698787793
KDM6A	P19_0033_BTR_01	2.0	1.1533704268656066
KDM6A	P19_0034_BDO_01	1.0	0.4976593741821397
KDM6A	P19_0034_BTR_01	0.0	0.4734446422210835
KDM6A	P19_0035_BDO_01	1.0	1.511944753774453
KDM6A	P19_0036_BTR_01	1.0	0.0979149786892182
KDM6A	P19_0038_BDO_01	1.0	2.721453972008141
KDM6A	P19_0039_BTR_01	0.0	0.9434672703572798
KDM6A	P19_0040_BDO_01	2.0	0.8201064139675399
KDM6A	P19_0040_BTR_01	1.0	0.6445787697924261
KDM6A	P19_0041_BDO_01	0.0	0.89549606242021
KDM6A	P19_0041_BTR_01	1.0	0.6380202557292907
KDM6A	P19_0042_BDO_01	2.0	1.5716492452253346
KDM6A	P19_0042_BTR_01	1.0	1.1215558574565463
KDM6A	P19_0043_BTR_01	2.0	1.4982125945973197
KDM6A	P19_0045_BDO_01	0.0	0.2513332566319317
KDM6A	P19_0045_BTR_01	0.0	0.1380554577639439
KDM6A	P19_0046_BDO_01	0.0	1.1846156321534334
KDM6A	P19_0046_BTR_01	3.0	0.9534892574722644
KDM6A	P19_0047_BDO_01	0.0	0.5761479467192681
KDM6A	P19_0047_BTR_01	0.0	0.2490130566539981
KDM6A	P19_0048_BTR_01	1.0	1.5381131330465976
KDM6A	P19_0050_BDO_01	0.0	1.4333940750182597
KDM6A	P19_0050_BTR_01	2.0	1.7355649447932704
KDM6A	P19_0051_BDO_01	3.0	0.8419400167416092
KDM6A	P19_0051_BTR_01	0.0	0.9310322429852286
KDM6A	P19_0052_BDO_01	0.0	0.2981111270222329
KDM6A	P19_0052_BTR_01	0.0	0.4554431356468526
KDM6A	P19_0053_BDO_01	1.0	1.2399294382176134
KDM6A	P19_0053_BTR_01	0.0	1.078083582112844
KDM6A	SexF	41.0	42.04480023361919
KDM6A	SexM	47.0	44.83454242498728
KDM6A	all_samples	88.0	87.99999999999999
KMT2C	BladderlocationDome	55.0	64.50896369841837
KMT2C	BladderlocationDome_SexF	19.0	21.126226382645225
KMT2C	BladderlocationDome_SexM	36.0	43.60817798545691
KMT2C	BladderlocationTrigone	75.0	65.37097418516416
KMT2C	BladderlocationTrigone_SexF	23.0	20.331670026824916
KMT2C	BladderlocationTrigone_SexM	52.0	44.93580167675811
KMT2C	HistoryofsmokingNo	30.0	27.995379418038382
KMT2C	HistoryofsmokingUnknown	6.0	5.899363804002201
KMT2C	HistoryofsmokingYes	94.0	96.48789493075276
KMT2C	P19_0001_BDO_01	0.0	0.3900397529107386
KMT2C	P19_0001_BTR_01	0.0	0.563383315744536
KMT2C	P19_0002_BDO_01	3.0	2.503602892594535
KMT2C	P19_0002_BTR_01	4.0	4.459848832380755
KMT2C	P19_0003_BDO_01	0.0	2.410298399940543
KMT2C	P19_0004_BDO_01	1.0	1.5220716808059838
KMT2C	P19_0004_BTR_01	1.0	1.365711414395987
KMT2C	P19_0005_BDO_01	3.0	1.919134096040968
KMT2C	P19_0005_BTR_01	4.0	1.8073734868920408
KMT2C	P19_0006_BDO_01	1.0	0.8922158257719907
KMT2C	P19_0007_BDO_01	2.0	0.8842701684149118
KMT2C	P19_0007_BTR_01	2.0	0.902779191446522
KMT2C	P19_0008_BDO_01	2.0	3.5853730267798296
KMT2C	P19_0008_BTR_01	5.0	4.203890649480771
KMT2C	P19_0009_BDO_01	0.0	1.022080987995554
KMT2C	P19_0009_BTR_01	1.0	1.2753542873343444
KMT2C	P19_0011_BDO_01	1.0	1.3563551969730017
KMT2C	P19_0011_BTR_01	4.0	1.5283381731154586
KMT2C	P19_0012_BDO_01	6.0	2.818970511755834
KMT2C	P19_0012_BTR_01	5.0	4.150781436906295
KMT2C	P19_0013_BDO_01	1.0	0.9737852981268807
KMT2C	P19_0013_BTR_01	2.0	0.6916167330351646
KMT2C	P19_0014_BDO_01	2.0	2.714416772314693
KMT2C	P19_0014_BTR_01	4.0	1.9017709352662835
KMT2C	P19_0015_BDO_01	1.0	1.9982661710195293
KMT2C	P19_0015_BTR_01	3.0	1.7433246565481355
KMT2C	P19_0016_BDO_01	2.0	1.246582210624379
KMT2C	P19_0016_BTR_01	1.0	1.484816079217823
KMT2C	P19_0018_BDO_01	1.0	2.0727479976923857
KMT2C	P19_0018_BTR_01	2.0	2.042634675892258
KMT2C	P19_0019_BDO_01	0.0	1.0498455854246624
KMT2C	P19_0019_BTR_01	1.0	1.1567003801559836
KMT2C	P19_0020_BDO_01	0.0	1.3767974144321904
KMT2C	P19_0020_BTR_01	1.0	1.008007550790064
KMT2C	P19_0023_BDO_01	5.0	3.400516861108261
KMT2C	P19_0023_BTR_01	8.0	4.33464031657118
KMT2C	P19_0024_BDO_01	2.0	1.7293509871541808
KMT2C	P19_0024_BTR_01	1.0	0.8228000226716304
KMT2C	P19_0025_BDO_01	1.0	0.4529561621593639
KMT2C	P19_0025_BTR_01	2.0	1.309928127002041
KMT2C	P19_0026_BDO_01	0.0	1.748280209493106
KMT2C	P19_0026_BTR_01	0.0	1.1046895990848546
KMT2C	P19_0027_BTR_01	2.0	1.6265252349054102
KMT2C	P19_0028_BDO_01	3.0	2.220764343300031
KMT2C	P19_0028_BTR_01	2.0	1.7409011449863665
KMT2C	P19_0029_BDO_01	2.0	1.2330792083374598
KMT2C	P19_0029_BTR_01	0.0	1.1383947851202267
KMT2C	P19_0030_BTR_01	1.0	0.7640901186805855
KMT2C	P19_0031_BTR_01	1.0	0.7448192812835971
KMT2C	P19_0033_BDO_01	0.0	0.5346953170110991
KMT2C	P19_0033_BTR_01	0.0	0.6985542366588255
KMT2C	P19_0034_BDO_01	1.0	1.0275516185756122
KMT2C	P19_0034_BTR_01	1.0	1.0650103760033882
KMT2C	P19_0035_BDO_01	3.0	3.2416740499878185
KMT2C	P19_0036_BTR_01	0.0	0.130054176774702
KMT2C	P19_0038_BDO_01	1.0	3.1761159768563805
KMT2C	P19_0039_BTR_01	1.0	2.1860308207040093
KMT2C	P19_0040_BDO_01	1.0	1.4704868379184068
KMT2C	P19_0040_BTR_01	0.0	1.0698123364347765
KMT2C	P19_0041_BDO_01	1.0	0.8525565205288287
KMT2C	P19_0041_BTR_01	0.0	0.642807896069229
KMT2C	P19_0042_BDO_01	0.0	1.7591628839059612
KMT2C	P19_0042_BTR_01	0.0	1.510991501364001
KMT2C	P19_0043_BTR_01	2.0	1.0550347363997308
KMT2C	P19_0045_BDO_01	1.0	0.5681515397683783
KMT2C	P19_0045_BTR_01	1.0	0.302167037913393
KMT2C	P19_0046_BDO_01	2.0	1.994483977361216
KMT2C	P19_0046_BTR_01	2.0	0.843114416798087
KMT2C	P19_0047_BDO_01	2.0	1.1221803725049826
KMT2C	P19_0047_BTR_01	0.0	0.5401597149772239
KMT2C	P19_0048_BTR_01	1.0	2.9046796935480783
KMT2C	P19_0050_BDO_01	1.0	3.3388616627156957
KMT2C	P19_0050_BTR_01	2.0	3.744560476477688
KMT2C	P19_0051_BDO_01	2.0	1.9051415586332456
KMT2C	P19_0051_BTR_01	1.0	1.9532701465531992
KMT2C	P19_0052_BDO_01	0.0	0.2923948727449216
KMT2C	P19_0052_BTR_01	0.0	0.4588275237215119
KMT2C	P19_0053_BDO_01	1.0	2.6929319406783825
KMT2C	P19_0053_BTR_01	7.0	2.3573986476010704
KMT2C	SexF	42.0	41.69598063622391
KMT2C	SexM	88.0	88.52914026928573
KMT2C	all_samples	130.0	129.99999999999997
KMT2D	BladderlocationDome	451.0	465.42144755197614
KMT2D	BladderlocationDome_SexF	161.0	156.09367704047625
KMT2D	BladderlocationDome_SexM	290.0	310.51947049841505
KMT2D	BladderlocationTrigone	526.0	511.62566543703576
KMT2D	BladderlocationTrigone_SexF	170.0	173.8483760343543
KMT2D	BladderlocationTrigone_SexM	356.0	337.3243221261514
KMT2D	HistoryofsmokingNo	184.0	198.70095311827777
KMT2D	HistoryofsmokingUnknown	38.0	44.85766297610435
KMT2D	HistoryofsmokingYes	755.0	736.400271470374
KMT2D	P19_0001_BDO_01	2.0	2.428026881793649
KMT2D	P19_0001_BTR_01	2.0	3.312219783360388
KMT2D	P19_0002_BDO_01	20.0	20.12522339413889
KMT2D	P19_0002_BTR_01	21.0	32.33930916749317
KMT2D	P19_0003_BDO_01	20.0	14.591109462114494
KMT2D	P19_0004_BDO_01	15.0	16.107741351514125
KMT2D	P19_0004_BTR_01	24.0	18.00475161438215
KMT2D	P19_0005_BDO_01	9.0	12.004377490101067
KMT2D	P19_0005_BTR_01	9.0	10.757755397125454
KMT2D	P19_0006_BDO_01	5.0	5.154172064970084
KMT2D	P19_0007_BDO_01	2.0	4.383220078932304
KMT2D	P19_0007_BTR_01	6.0	6.663625173288441
KMT2D	P19_0008_BDO_01	32.0	25.11050844318634
KMT2D	P19_0008_BTR_01	60.0	52.66965959124609
KMT2D	P19_0009_BDO_01	7.0	10.321084568906617
KMT2D	P19_0009_BTR_01	33.0	29.19826612878446
KMT2D	P19_0011_BDO_01	9.0	9.648582365828888
KMT2D	P19_0011_BTR_01	7.0	10.517641204007742
KMT2D	P19_0012_BDO_01	19.0	19.71368426389131
KMT2D	P19_0012_BTR_01	31.0	33.676111641476695
KMT2D	P19_0013_BDO_01	11.0	8.026015957962763
KMT2D	P19_0013_BTR_01	3.0	4.692091807802447
KMT2D	P19_0014_BDO_01	10.0	17.532605357842307
KMT2D	P19_0014_BTR_01	9.0	13.432859364000302
KMT2D	P19_0015_BDO_01	15.0	12.829905227355551
KMT2D	P19_0015_BTR_01	11.0	13.035481651336074
KMT2D	P19_0016_BDO_01	8.0	7.757450271713882
KMT2D	P19_0016_BTR_01	9.0	8.210919696719571
KMT2D	P19_0018_BDO_01	16.0	13.849035752927696
KMT2D	P19_0018_BTR_01	11.0	12.645317060709976
KMT2D	P19_0019_BDO_01	13.0	8.179863555233304
KMT2D	P19_0019_BTR_01	10.0	9.060246325303376
KMT2D	P19_0020_BDO_01	6.0	9.08465716547729
KMT2D	P19_0020_BTR_01	7.0	7.424121216228698
KMT2D	P19_0023_BDO_01	22.0	24.793122715988307
KMT2D	P19_0023_BTR_01	30.0	31.983776422967065
KMT2D	P19_0024_BDO_01	10.0	12.4541800953564
KMT2D	P19_0024_BTR_01	8.0	8.714794318209789
KMT2D	P19_0025_BDO_01	1.0	3.377628916374418
KMT2D	P19_0025_BTR_01	11.0	8.63069883645884
KMT2D	P19_0026_BDO_01	19.0	14.898073553950024
KMT2D	P19_0026_BTR_01	13.0	9.035620952155377
KMT2D	P19_0027_BTR_01	9.0	9.47293909722328
KMT2D	P19_0028_BDO_01	17.0	18.24852859599404
KMT2D	P19_0028_BTR_01	18.0	14.806714978014076
KMT2D	P19_0029_BDO_01	9.0	8.339012262726735
KMT2D	P19_0029_BTR_01	18.0	14.411905477067103
KMT2D	P19_0030_BTR_01	5.0	5.141098514106735
KMT2D	P19_0031_BTR_01	4.0	7.303077555592908
KMT2D	P19_0033_BDO_01	4.0	4.206774167812443
KMT2D	P19_0033_BTR_01	2.0	2.805219827589021
KMT2D	P19_0034_BDO_01	5.0	9.049192527194744
KMT2D	P19_0034_BTR_01	9.0	9.660329890689148
KMT2D	P19_0035_BDO_01	20.0	22.88185415187731
KMT2D	P19_0036_BTR_01	0.0	1.346010511901809
KMT2D	P19_0038_BDO_01	30.0	24.708019109351284
KMT2D	P19_0039_BTR_01	19.0	15.920584585873309
KMT2D	P19_0040_BDO_01	9.0	11.918025823043966
KMT2D	P19_0040_BTR_01	6.0	5.371612113097639
KMT2D	P19_0041_BDO_01	6.0	5.622208531119696
KMT2D	P19_0041_BTR_01	6.0	6.573999669564314
KMT2D	P19_0042_BDO_01	10.0	13.103999808804938
KMT2D	P19_0042_BTR_01	16.0	9.571406265210506
KMT2D	P19_0043_BTR_01	10.0	7.820284568758264
KMT2D	P19_0045_BDO_01	3.0	3.9119677156868007
KMT2D	P19_0045_BTR_01	3.0	2.370639707593569
KMT2D	P19_0046_BDO_01	17.0	18.427168097531087
KMT2D	P19_0046_BTR_01	4.0	3.442912751535112
KMT2D	P19_0047_BDO_01	5.0	8.536426028888544
KMT2D	P19_0047_BTR_01	4.0	4.626726040290619
KMT2D	P19_0048_BTR_01	32.0	21.490247007728065
KMT2D	P19_0050_BDO_01	20.0	16.443136000083502
KMT2D	P19_0050_BTR_01	23.0	22.868508609704712
KMT2D	P19_0051_BDO_01	9.0	9.995179002644278
KMT2D	P19_0051_BTR_01	8.0	11.254589284698383
KMT2D	P19_0052_BDO_01	1.0	2.2005460170576243
KMT2D	P19_0052_BTR_01	4.0	3.470238912190303
KMT2D	P19_0053_BDO_01	15.0	15.607788400568417
KMT2D	P19_0053_BTR_01	11.0	12.96878178607162
KMT2D	SexF	331.0	330.1114867042588
KMT2D	SexM	646.0	647.8117420232738
KMT2D	all_samples	977.0	977.0
NOTCH2	BladderlocationDome	122.0	110.4347168772951
NOTCH2	BladderlocationDome_SexF	47.0	36.90230322162185
NOTCH2	BladderlocationDome_SexM	75.0	73.81868504250771
NOTCH2	BladderlocationTrigone	102.0	113.3636053983826
NOTCH2	BladderlocationTrigone_SexF	31.0	35.70976606043816
NOTCH2	BladderlocationTrigone_SexM	71.0	77.4738689700409
NOTCH2	HistoryofsmokingNo	44.0	47.76168796249353
NOTCH2	HistoryofsmokingUnknown	8.0	10.48399834294132
NOTCH2	HistoryofsmokingYes	172.0	165.69869589393986
NOTCH2	P19_0001_BDO_01	1.0	0.633430320845448
NOTCH2	P19_0001_BTR_01	0.0	0.9246209705537632
NOTCH2	P19_0002_BDO_01	8.0	4.62178615147533
NOTCH2	P19_0002_BTR_01	5.0	8.484089332675628
NOTCH2	P19_0003_BDO_01	6.0	3.659323262398654
NOTCH2	P19_0004_BDO_01	3.0	2.965441212838188
NOTCH2	P19_0004_BTR_01	2.0	2.690737934637446
NOTCH2	P19_0005_BDO_01	5.0	3.1766030427977663
NOTCH2	P19_0005_BTR_01	2.0	3.05719361260991
NOTCH2	P19_0006_BDO_01	2.0	1.3175396275955924
NOTCH2	P19_0007_BDO_01	2.0	1.2104912711805589
NOTCH2	P19_0007_BTR_01	0.0	1.194983497384411
NOTCH2	P19_0008_BDO_01	5.0	6.226210874633468
NOTCH2	P19_0008_BTR_01	10.0	7.8273513851817
NOTCH2	P19_0009_BDO_01	5.0	1.8787212425734845
NOTCH2	P19_0009_BTR_01	3.0	2.55305008554082
NOTCH2	P19_0011_BDO_01	2.0	2.341216424592265
NOTCH2	P19_0011_BTR_01	1.0	2.589552977751998
NOTCH2	P19_0012_BDO_01	4.0	4.81364875426715
NOTCH2	P19_0012_BTR_01	8.0	7.420574219734974
NOTCH2	P19_0013_BDO_01	1.0	1.6841922119695134
NOTCH2	P19_0013_BTR_01	1.0	0.9909408472519624
NOTCH2	P19_0014_BDO_01	5.0	4.3614410712935365
NOTCH2	P19_0014_BTR_01	4.0	3.3346506131467937
NOTCH2	P19_0015_BDO_01	3.0	3.466825346953727
NOTCH2	P19_0015_BTR_01	3.0	3.0700153735828835
NOTCH2	P19_0016_BDO_01	1.0	2.2927376002648976
NOTCH2	P19_0016_BTR_01	1.0	2.5208597355960967
NOTCH2	P19_0018_BDO_01	3.0	3.480328531583628
NOTCH2	P19_0018_BTR_01	5.0	3.4765164203817003
NOTCH2	P19_0019_BDO_01	3.0	2.16405002340929
NOTCH2	P19_0019_BTR_01	1.0	2.3776401750881018
NOTCH2	P19_0020_BDO_01	3.0	2.39531473996538
NOTCH2	P19_0020_BTR_01	0.0	1.8103744838150988
NOTCH2	P19_0023_BDO_01	7.0	6.553104885469365
NOTCH2	P19_0023_BTR_01	8.0	8.308860181552362
NOTCH2	P19_0024_BDO_01	1.0	3.045081390061413
NOTCH2	P19_0024_BTR_01	1.0	1.678738533804795
NOTCH2	P19_0025_BDO_01	1.0	0.7921872331221194
NOTCH2	P19_0025_BTR_01	0.0	2.019488173690517
NOTCH2	P19_0026_BDO_01	2.0	3.0606487830399622
NOTCH2	P19_0026_BTR_01	1.0	2.2627692935582524
NOTCH2	P19_0027_BTR_01	3.0	2.3246547408668383
NOTCH2	P19_0028_BDO_01	5.0	3.74192807772456
NOTCH2	P19_0028_BTR_01	0.0	2.874514596010229
NOTCH2	P19_0029_BDO_01	0.0	2.1461592708078885
NOTCH2	P19_0029_BTR_01	3.0	2.1301047087080978
NOTCH2	P19_0030_BTR_01	3.0	1.208280315227813
NOTCH2	P19_0031_BTR_01	2.0	1.3308968378256327
NOTCH2	P19_0033_BDO_01	1.0	0.9761269921414392
NOTCH2	P19_0033_BTR_01	0.0	0.7160296577788278
NOTCH2	P19_0034_BDO_01	2.0	1.8407538532423189
NOTCH2	P19_0034_BTR_01	0.0	1.90040094411058
NOTCH2	P19_0035_BDO_01	5.0	5.564579717078204
NOTCH2	P19_0036_BTR_01	0.0	0.2697854262680026
NOTCH2	P19_0038_BDO_01	5.0	5.175278683539174
NOTCH2	P19_0039_BTR_01	3.0	3.7580330601843728
NOTCH2	P19_0040_BDO_01	6.0	2.9075141375590285
NOTCH2	P19_0040_BTR_01	2.0	1.6394840551254408
NOTCH2	P19_0041_BDO_01	2.0	1.5120705504694052
NOTCH2	P19_0041_BTR_01	3.0	1.2041146167730572
NOTCH2	P19_0042_BDO_01	3.0	2.5071686924014625
NOTCH2	P19_0042_BTR_01	3.0	2.4518926937345844
NOTCH2	P19_0043_BTR_01	1.0	1.619538034471251
NOTCH2	P19_0045_BDO_01	1.0	0.9553562542762608
NOTCH2	P19_0045_BTR_01	1.0	0.6079079136974788
NOTCH2	P19_0046_BDO_01	3.0	3.7172185791967753
NOTCH2	P19_0046_BTR_01	0.0	1.2106737834458396
NOTCH2	P19_0047_BDO_01	2.0	1.8174399509560253
NOTCH2	P19_0047_BTR_01	1.0	1.081047174606675
NOTCH2	P19_0048_BTR_01	7.0	5.447927418111928
NOTCH2	P19_0050_BDO_01	5.0	5.217257994567494
NOTCH2	P19_0050_BTR_01	9.0	5.660783752944722
NOTCH2	P19_0051_BDO_01	2.0	2.675341912479756
NOTCH2	P19_0051_BTR_01	4.0	2.938910930535827
NOTCH2	P19_0052_BDO_01	1.0	0.5111000087829278
NOTCH2	P19_0052_BTR_01	1.0	0.7532781698275788
NOTCH2	P19_0053_BDO_01	6.0	3.903835817071069
NOTCH2	P19_0053_BTR_01	0.0	3.3328886378730007
NOTCH2	SexF	78.0	73.03608229184599
NOTCH2	SexM	146.0	151.2770531401634
NOTCH2	all_samples	224.0	223.99999999999997
PIK3CA	BladderlocationDome	4.0	4.009109959090439
PIK3CA	BladderlocationDome_SexF	0.0	1.3218712873647056
PIK3CA	BladderlocationDome_SexM	4.0	2.700344387718678
PIK3CA	BladderlocationTrigone	4.0	3.98071747040303
PIK3CA	BladderlocationTrigone_SexF	1.0	1.2239145879557871
PIK3CA	BladderlocationTrigone_SexM	3.0	2.751392074296012
PIK3CA	HistoryofsmokingNo	2.0	1.775500493479739
PIK3CA	HistoryofsmokingUnknown	1.0	0.3466992146104842
PIK3CA	HistoryofsmokingYes	5.0	5.888506730643423
PIK3CA	P19_0001_BDO_01	0.0	0.0219785909035057
PIK3CA	P19_0001_BTR_01	0.0	0.0291857547759289
PIK3CA	P19_0002_BDO_01	0.0	0.1852651628142702
PIK3CA	P19_0002_BTR_01	1.0	0.2771356463346329
PIK3CA	P19_0003_BDO_01	0.0	0.1380033801088827
PIK3CA	P19_0004_BDO_01	0.0	0.0826254461317815
PIK3CA	P19_0004_BTR_01	0.0	0.0698413352243957
PIK3CA	P19_0005_BDO_01	0.0	0.1148167959560918
PIK3CA	P19_0005_BTR_01	0.0	0.1186827249165454
PIK3CA	P19_0006_BDO_01	0.0	0.0457328844112932
PIK3CA	P19_0007_BDO_01	0.0	0.0401969965494323
PIK3CA	P19_0007_BTR_01	0.0	0.0469707024641241
PIK3CA	P19_0008_BDO_01	1.0	0.200480092769331
PIK3CA	P19_0008_BTR_01	0.0	0.1673485071576071
PIK3CA	P19_0009_BDO_01	0.0	0.06328776544124
PIK3CA	P19_0009_BTR_01	0.0	0.0571099869514277
PIK3CA	P19_0011_BDO_01	0.0	0.086563959109874
PIK3CA	P19_0011_BTR_01	0.0	0.1005900907645781
PIK3CA	P19_0012_BDO_01	0.0	0.1506008586043271
PIK3CA	P19_0012_BTR_01	0.0	0.2286778469307746
PIK3CA	P19_0013_BDO_01	0.0	0.0734203490635952
PIK3CA	P19_0013_BTR_01	0.0	0.0455431119055729
PIK3CA	P19_0014_BDO_01	1.0	0.1704051997512413
PIK3CA	P19_0014_BTR_01	0.0	0.1142181656672732
PIK3CA	P19_0015_BDO_01	0.0	0.1252591040596828
PIK3CA	P19_0015_BTR_01	0.0	0.1094515449372134
PIK3CA	P19_0016_BDO_01	0.0	0.0880193291923429
PIK3CA	P19_0016_BTR_01	0.0	0.1104235263343266
PIK3CA	P19_0018_BDO_01	0.0	0.1252303523437972
PIK3CA	P19_0018_BTR_01	0.0	0.1268776365852985
PIK3CA	P19_0019_BDO_01	0.0	0.0817499753232588
PIK3CA	P19_0019_BTR_01	0.0	0.0832519803952938
PIK3CA	P19_0020_BDO_01	0.0	0.0913810250668259
PIK3CA	P19_0020_BTR_01	0.0	0.0644023212310205
PIK3CA	P19_0023_BDO_01	0.0	0.2203622454595942
PIK3CA	P19_0023_BTR_01	0.0	0.2639978955829486
PIK3CA	P19_0024_BDO_01	0.0	0.1191391596225971
PIK3CA	P19_0024_BTR_01	1.0	0.0530189688965152
PIK3CA	P19_0025_BDO_01	0.0	0.036847823991915
PIK3CA	P19_0025_BTR_01	0.0	0.0921850681600203
PIK3CA	P19_0026_BDO_01	0.0	0.1034121041763079
PIK3CA	P19_0026_BTR_01	1.0	0.0621550515823603
PIK3CA	P19_0027_BTR_01	0.0	0.0939469806984111
PIK3CA	P19_0028_BDO_01	0.0	0.1366587530454209
PIK3CA	P19_0028_BTR_01	0.0	0.0973205218952553
PIK3CA	P19_0029_BDO_01	0.0	0.0768530802128115
PIK3CA	P19_0029_BTR_01	0.0	0.065703224301468
PIK3CA	P19_0030_BTR_01	0.0	0.0418915768830437
PIK3CA	P19_0031_BTR_01	0.0	0.0282799069488085
PIK3CA	P19_0033_BDO_01	0.0	0.0354150545062216
PIK3CA	P19_0033_BTR_01	0.0	0.0346778753884439
PIK3CA	P19_0034_BDO_01	0.0	0.0695306516614784
PIK3CA	P19_0034_BTR_01	0.0	0.0693699533858807
PIK3CA	P19_0035_BDO_01	1.0	0.2109869424981846
PIK3CA	P19_0036_BTR_01	0.0	0.009364862161051
PIK3CA	P19_0038_BDO_01	0.0	0.1711447609426207
PIK3CA	P19_0039_BTR_01	0.0	0.1233573521387025
PIK3CA	P19_0040_BDO_01	0.0	0.1032733005997234
PIK3CA	P19_0040_BTR_01	0.0	0.0953882331545855
PIK3CA	P19_0041_BDO_01	0.0	0.0597824422016745
PIK3CA	P19_0041_BTR_01	0.0	0.0398458289463222
PIK3CA	P19_0042_BDO_01	0.0	0.1162054813951534
PIK3CA	P19_0042_BTR_01	0.0	0.1296441197072214
PIK3CA	P19_0043_BTR_01	0.0	0.0612290046379091
PIK3CA	P19_0045_BDO_01	0.0	0.0431126170015266
PIK3CA	P19_0045_BTR_01	0.0	0.0252562876487226
PIK3CA	P19_0046_BDO_01	0.0	0.1179143079896952
PIK3CA	P19_0046_BTR_01	1.0	0.0445319548388713
PIK3CA	P19_0047_BDO_01	0.0	0.080903860873615
PIK3CA	P19_0047_BTR_01	0.0	0.0434360862163948
PIK3CA	P19_0048_BTR_01	0.0	0.1979317434379711
PIK3CA	P19_0050_BDO_01	1.0	0.2124426704520871
PIK3CA	P19_0050_BTR_01	0.0	0.2236535551336073
PIK3CA	P19_0051_BDO_01	0.0	0.1049234419563561
PIK3CA	P19_0051_BTR_01	0.0	0.1127506424115428
PIK3CA	P19_0052_BDO_01	0.0	0.0165772238932149
PIK3CA	P19_0052_BTR_01	0.0	0.0274195861146472
PIK3CA	P19_0053_BDO_01	0.0	0.160554975087197
PIK3CA	P19_0053_BTR_01	0.0	0.1403031289366844
PIK3CA	SexF	1.0	2.563659625384916
PIK3CA	SexM	7.0	5.451272605372324
PIK3CA	all_samples	8.0	7.999999999999998
RB1	BladderlocationDome	25.0	25.350496312050325
RB1	BladderlocationDome_SexF	7.0	8.1540958661218
RB1	BladderlocationDome_SexM	18.0	17.30730448008178
RB1	BladderlocationTrigone	26.0	25.593433762476284
RB1	BladderlocationTrigone_SexF	11.0	8.077887950910252
RB1	BladderlocationTrigone_SexM	15.0	17.489252439713976
RB1	HistoryofsmokingNo	12.0	11.355833862404689
RB1	HistoryofsmokingUnknown	4.0	2.497256172504017
RB1	HistoryofsmokingYes	35.0	37.10389783331184
RB1	P19_0001_BDO_01	1.0	0.1456892178459628
RB1	P19_0001_BTR_01	1.0	0.1996796387847116
RB1	P19_0002_BDO_01	0.0	1.165725447869489
RB1	P19_0002_BTR_01	4.0	1.5509944844260628
RB1	P19_0003_BDO_01	0.0	0.7955429225374921
RB1	P19_0004_BDO_01	0.0	0.5820932699044725
RB1	P19_0004_BTR_01	0.0	0.4711502144673725
RB1	P19_0005_BDO_01	0.0	0.7537684797537592
RB1	P19_0005_BTR_01	0.0	0.7280739526681638
RB1	P19_0006_BDO_01	0.0	0.2960664626502948
RB1	P19_0007_BDO_01	0.0	0.2743918561089302
RB1	P19_0007_BTR_01	0.0	0.2760362566606322
RB1	P19_0008_BDO_01	2.0	1.200014437253645
RB1	P19_0008_BTR_01	1.0	1.3417194551384226
RB1	P19_0009_BDO_01	0.0	0.3558594745266251
RB1	P19_0009_BTR_01	1.0	0.6101596807994621
RB1	P19_0011_BDO_01	1.0	0.5450162764792333
RB1	P19_0011_BTR_01	0.0	0.6644166668998837
RB1	P19_0012_BDO_01	1.0	0.8070758724076291
RB1	P19_0012_BTR_01	2.0	1.3848628536586018
RB1	P19_0013_BDO_01	0.0	0.4630307411362723
RB1	P19_0013_BTR_01	1.0	0.2760757376266401
RB1	P19_0014_BDO_01	2.0	0.9822347419003866
RB1	P19_0014_BTR_01	1.0	0.7135247281142147
RB1	P19_0015_BDO_01	0.0	0.8058032999583467
RB1	P19_0015_BTR_01	0.0	0.7070915538722177
RB1	P19_0016_BDO_01	0.0	0.6089508845635351
RB1	P19_0016_BTR_01	0.0	0.686469076014285
RB1	P19_0018_BDO_01	0.0	0.7644655313355013
RB1	P19_0018_BTR_01	0.0	0.7054294793854109
RB1	P19_0019_BDO_01	0.0	0.4955489428537335
RB1	P19_0019_BTR_01	0.0	0.5089812222891332
RB1	P19_0020_BDO_01	1.0	0.5531397872807406
RB1	P19_0020_BTR_01	1.0	0.3692221208197957
RB1	P19_0023_BDO_01	3.0	1.4004791245446688
RB1	P19_0023_BTR_01	2.0	1.8249986623637693
RB1	P19_0024_BDO_01	1.0	0.7626584916693313
RB1	P19_0024_BTR_01	0.0	0.3389736936667814
RB1	P19_0025_BDO_01	0.0	0.2324351484848441
RB1	P19_0025_BTR_01	1.0	0.5134804185214029
RB1	P19_0026_BDO_01	0.0	0.7453877688258742
RB1	P19_0026_BTR_01	0.0	0.4500417553563863
RB1	P19_0027_BTR_01	0.0	0.5343142745645675
RB1	P19_0028_BDO_01	0.0	0.904919123612669
RB1	P19_0028_BTR_01	0.0	0.5748297834698315
RB1	P19_0029_BDO_01	1.0	0.4958110330406363
RB1	P19_0029_BTR_01	0.0	0.4493812372892094
RB1	P19_0030_BTR_01	0.0	0.2371785938745574
RB1	P19_0031_BTR_01	0.0	0.2950366298121274
RB1	P19_0033_BDO_01	2.0	0.2123942070665541
RB1	P19_0033_BTR_01	0.0	0.4075466830064346
RB1	P19_0034_BDO_01	0.0	0.4747877208012617
RB1	P19_0034_BTR_01	0.0	0.5147474856671119
RB1	P19_0035_BDO_01	0.0	1.3013912718502534
RB1	P19_0036_BTR_01	0.0	0.0620096664149969
RB1	P19_0038_BDO_01	2.0	1.022765841062679
RB1	P19_0039_BTR_01	0.0	0.7225973573623229
RB1	P19_0040_BDO_01	2.0	0.6698864899970859
RB1	P19_0040_BTR_01	1.0	0.568963420589603
RB1	P19_0041_BDO_01	0.0	0.3855018917075192
RB1	P19_0041_BTR_01	0.0	0.3038448182832242
RB1	P19_0042_BDO_01	1.0	0.9867014864600808
RB1	P19_0042_BTR_01	0.0	0.7967153358797435
RB1	P19_0043_BTR_01	1.0	0.495594426274657
RB1	P19_0045_BDO_01	0.0	0.3117486618811622
RB1	P19_0045_BTR_01	0.0	0.1563515064902098
RB1	P19_0046_BDO_01	2.0	0.8932494703154257
RB1	P19_0046_BTR_01	0.0	0.4831824859777056
RB1	P19_0047_BDO_01	0.0	0.5160378283553451
RB1	P19_0047_BTR_01	0.0	0.2673145304163901
RB1	P19_0048_BTR_01	4.0	1.2608929394733848
RB1	P19_0050_BDO_01	1.0	1.1569859727069305
RB1	P19_0050_BTR_01	2.0	1.2749393342046664
RB1	P19_0051_BDO_01	0.0	0.6046971866196558
RB1	P19_0051_BTR_01	1.0	0.6920095112435404
RB1	P19_0052_BDO_01	0.0	0.117056556870078
RB1	P19_0052_BTR_01	0.0	0.1736292993693944
RB1	P19_0053_BDO_01	2.0	0.8893816053132869
RB1	P19_0053_BTR_01	2.0	0.8190947258246916
RB1	SexF	18.0	16.307016493597686
RB1	SexM	33.0	34.793789800847144
RB1	all_samples	51.0	50.99999999999999
RBM10	BladderlocationDome	65.0	70.13682020193679
RBM10	BladderlocationDome_SexF	32.0	34.49740567921913
RBM10	BladderlocationDome_SexM	33.0	34.54981371159692
RBM10	BladderlocationTrigone	83.0	77.92229429555555
RBM10	BladderlocationTrigone_SexF	43.0	38.59744380565097
RBM10	BladderlocationTrigone_SexM	40.0	40.139966281516685
RBM10	HistoryofsmokingNo	36.0	32.11827582415525
RBM10	HistoryofsmokingUnknown	6.0	7.6462029663409075
RBM10	HistoryofsmokingYes	106.0	106.89354377050168
RBM10	P19_0001_BDO_01	1.0	0.2569907339134698
RBM10	P19_0001_BTR_01	0.0	0.370162185250281
RBM10	P19_0002_BDO_01	2.0	4.413343359312881
RBM10	P19_0002_BTR_01	10.0	7.821160461571767
RBM10	P19_0003_BDO_01	5.0	3.5598551188078407
RBM10	P19_0004_BDO_01	1.0	1.996282413607339
RBM10	P19_0004_BTR_01	3.0	2.685509375230246
RBM10	P19_0005_BDO_01	3.0	2.248275222266743
RBM10	P19_0005_BTR_01	7.0	2.135266540774633
RBM10	P19_0006_BDO_01	1.0	1.2983539670205426
RBM10	P19_0007_BDO_01	0.0	0.5872048345849997
RBM10	P19_0007_BTR_01	1.0	0.8578217511425357
RBM10	P19_0008_BDO_01	2.0	3.096908568928157
RBM10	P19_0008_BTR_01	11.0	7.344542149761061
RBM10	P19_0009_BDO_01	2.0	2.0708934280321256
RBM10	P19_0009_BTR_01	4.0	5.746231709030323
RBM10	P19_0011_BDO_01	0.0	1.0725196555562602
RBM10	P19_0011_BTR_01	1.0	1.1864246556404
RBM10	P19_0012_BDO_01	2.0	5.187951678699582
RBM10	P19_0012_BTR_01	6.0	8.777749359763856
RBM10	P19_0013_BDO_01	2.0	1.286937933644764
RBM10	P19_0013_BTR_01	0.0	0.8760906584791811
RBM10	P19_0014_BDO_01	2.0	1.9762143145537507
RBM10	P19_0014_BTR_01	0.0	1.5358053994226186
RBM10	P19_0015_BDO_01	0.0	1.2675909186050969
RBM10	P19_0015_BTR_01	1.0	1.5276557077198234
RBM10	P19_0016_BDO_01	0.0	0.8695667545926449
RBM10	P19_0016_BTR_01	1.0	0.9312404494934264
RBM10	P19_0018_BDO_01	3.0	1.5019155046784691
RBM10	P19_0018_BTR_01	0.0	1.4742950214960222
RBM10	P19_0019_BDO_01	3.0	1.7262666518849406
RBM10	P19_0019_BTR_01	3.0	1.9164593681287083
RBM10	P19_0020_BDO_01	2.0	1.998253952266377
RBM10	P19_0020_BTR_01	2.0	1.770705278825797
RBM10	P19_0023_BDO_01	2.0	2.291365498475256
RBM10	P19_0023_BTR_01	2.0	2.869587938437687
RBM10	P19_0024_BDO_01	0.0	1.236479002463035
RBM10	P19_0024_BTR_01	0.0	0.8862716261974928
RBM10	P19_0025_BDO_01	1.0	0.7809138235048181
RBM10	P19_0025_BTR_01	1.0	2.191443108771802
RBM10	P19_0026_BDO_01	1.0	1.462637059970132
RBM10	P19_0026_BTR_01	1.0	0.9712833607125516
RBM10	P19_0027_BTR_01	0.0	1.0861922536190844
RBM10	P19_0028_BDO_01	2.0	2.005411668558013
RBM10	P19_0028_BTR_01	3.0	1.8108152674586515
RBM10	P19_0029_BDO_01	0.0	1.816045749879948
RBM10	P19_0029_BTR_01	3.0	2.7988028405356045
RBM10	P19_0030_BTR_01	2.0	1.258835046715257
RBM10	P19_0031_BTR_01	0.0	0.852643358967778
RBM10	P19_0033_BDO_01	1.0	0.9196892019151566
RBM10	P19_0033_BTR_01	0.0	0.2883532666128763
RBM10	P19_0034_BDO_01	1.0	0.9387982377496286
RBM10	P19_0034_BTR_01	2.0	1.0542748531693935
RBM10	P19_0035_BDO_01	4.0	2.50717125274411
RBM10	P19_0036_BTR_01	0.0	0.134144985107328
RBM10	P19_0038_BDO_01	3.0	4.841330704826993
RBM10	P19_0039_BTR_01	3.0	1.9729509637253129
RBM10	P19_0040_BDO_01	0.0	1.2912671197053085
RBM10	P19_0040_BTR_01	0.0	0.5704271529685023
RBM10	P19_0041_BDO_01	3.0	1.3690875122869652
RBM10	P19_0041_BTR_01	2.0	1.3738192899578128
RBM10	P19_0042_BDO_01	2.0	1.2442822696336755
RBM10	P19_0042_BTR_01	2.0	1.1029382760646045
RBM10	P19_0043_BTR_01	2.0	1.695681812179083
RBM10	P19_0045_BDO_01	1.0	0.3955649228355221
RBM10	P19_0045_BTR_01	0.0	0.2519322387705119
RBM10	P19_0046_BDO_01	2.0	2.0782110418806714
RBM10	P19_0046_BTR_01	0.0	0.3680939386785939
RBM10	P19_0047_BDO_01	2.0	0.9567094932297018
RBM10	P19_0047_BTR_01	1.0	0.515073367089485
RBM10	P19_0048_BTR_01	1.0	2.4535471074097224
RBM10	P19_0050_BDO_01	5.0	2.01139363358468
RBM10	P19_0050_BTR_01	6.0	2.7106107017015124
RBM10	P19_0051_BDO_01	1.0	1.2632106251163666
RBM10	P19_0051_BTR_01	1.0	1.2783276793217582
RBM10	P19_0052_BDO_01	2.0	0.4943283258482941
RBM10	P19_0052_BTR_01	1.0	0.7932903564530238
RBM10	P19_0053_BDO_01	1.0	1.7904876658734774
RBM10	P19_0053_BTR_01	0.0	1.5527454145102892
RBM10	SexF	75.0	73.12681776615995
RBM10	SexM	73.0	74.68050081066652
RBM10	all_samples	148.0	148.0
STAG2	BladderlocationDome	64.0	56.34226252038198
STAG2	BladderlocationDome_SexF	29.0	26.795441308643397
STAG2	BladderlocationDome_SexM	35.0	28.03181440825939
STAG2	BladderlocationTrigone	47.0	54.49410796709604
STAG2	BladderlocationTrigone_SexF	26.0	25.95213885041481
STAG2	BladderlocationTrigone_SexM	21.0	28.30658556277355
STAG2	HistoryofsmokingNo	24.0	27.783483711115583
STAG2	HistoryofsmokingUnknown	9.0	6.394528252040001
STAG2	HistoryofsmokingYes	78.0	74.76732583875926
STAG2	P19_0001_BDO_01	0.0	0.2523442826792712
STAG2	P19_0001_BTR_01	0.0	0.3512284376350036
STAG2	P19_0002_BDO_01	3.0	3.7004209776771626
STAG2	P19_0002_BTR_01	4.0	5.8136031593448125
STAG2	P19_0003_BDO_01	3.0	3.0330400970719698
STAG2	P19_0004_BDO_01	2.0	0.9306648561599222
STAG2	P19_0004_BTR_01	2.0	0.7392286839196194
STAG2	P19_0005_BDO_01	3.0	2.3769906476547136
STAG2	P19_0005_BTR_01	0.0	2.337888358649113
STAG2	P19_0006_BDO_01	1.0	1.1646822805508683
STAG2	P19_0007_BDO_01	1.0	0.5048502063550464
STAG2	P19_0007_BTR_01	0.0	0.4552421568852919
STAG2	P19_0008_BDO_01	3.0	2.1536421357670403
STAG2	P19_0008_BTR_01	1.0	2.4052182853087665
STAG2	P19_0009_BDO_01	3.0	1.1617464880584736
STAG2	P19_0009_BTR_01	1.0	1.2525280875623204
STAG2	P19_0011_BDO_01	2.0	0.8853967259987402
STAG2	P19_0011_BTR_01	0.0	1.065594274301606
STAG2	P19_0012_BDO_01	5.0	3.054043250092587
STAG2	P19_0012_BTR_01	7.0	5.136899579209702
STAG2	P19_0013_BDO_01	0.0	1.1972658248385817
STAG2	P19_0013_BTR_01	1.0	0.8395386276186758
STAG2	P19_0014_BDO_01	0.0	1.7019093426228014
STAG2	P19_0014_BTR_01	1.0	1.1200259304840616
STAG2	P19_0015_BDO_01	1.0	1.3157701324379454
STAG2	P19_0015_BTR_01	0.0	1.186603140607561
STAG2	P19_0016_BDO_01	2.0	0.9051898822819322
STAG2	P19_0016_BTR_01	0.0	1.0976663226911094
STAG2	P19_0018_BDO_01	2.0	1.3412204247368107
STAG2	P19_0018_BTR_01	1.0	1.249414411465747
STAG2	P19_0019_BDO_01	2.0	1.6073565769331135
STAG2	P19_0019_BTR_01	5.0	1.6038389352687168
STAG2	P19_0020_BDO_01	3.0	1.906631191055728
STAG2	P19_0020_BTR_01	2.0	1.3797006058744423
STAG2	P19_0023_BDO_01	3.0	2.285030844695114
STAG2	P19_0023_BTR_01	7.0	2.932205531035393
STAG2	P19_0024_BDO_01	1.0	1.185488079338874
STAG2	P19_0024_BTR_01	0.0	0.4917358875462276
STAG2	P19_0025_BDO_01	1.0	0.7624765486756117
STAG2	P19_0025_BTR_01	4.0	1.9102742642960877
STAG2	P19_0026_BDO_01	2.0	1.1999357517003322
STAG2	P19_0026_BTR_01	2.0	0.695650410912581
STAG2	P19_0027_BTR_01	1.0	0.9634879213228448
STAG2	P19_0028_BDO_01	2.0	1.3158442344492995
STAG2	P19_0028_BTR_01	1.0	0.9284723968676928
STAG2	P19_0029_BDO_01	1.0	1.5609514253646075
STAG2	P19_0029_BTR_01	2.0	1.3299542219217235
STAG2	P19_0030_BTR_01	0.0	0.8822200362481734
STAG2	P19_0031_BTR_01	1.0	0.4482827993408617
STAG2	P19_0033_BDO_01	0.0	0.6507799652491402
STAG2	P19_0033_BTR_01	0.0	0.9617215735644828
STAG2	P19_0034_BDO_01	1.0	0.6867728249192512
STAG2	P19_0034_BTR_01	0.0	0.6933439500123851
STAG2	P19_0035_BDO_01	3.0	2.004663832975133
STAG2	P19_0036_BTR_01	0.0	0.0813606149458697
STAG2	P19_0038_BDO_01	1.0	3.1729650788286
STAG2	P19_0039_BTR_01	0.0	1.1965216323347034
STAG2	P19_0040_BDO_01	2.0	1.03920121647014
STAG2	P19_0040_BTR_01	0.0	0.8674590687592125
STAG2	P19_0041_BDO_01	2.0	1.193456387954662
STAG2	P19_0041_BTR_01	0.0	0.8360720112602847
STAG2	P19_0042_BDO_01	2.0	1.5103588338033542
STAG2	P19_0042_BTR_01	0.0	1.3279730178955196
STAG2	P19_0043_BTR_01	0.0	1.4405767804448464
STAG2	P19_0045_BDO_01	0.0	0.4002328692640918
STAG2	P19_0045_BTR_01	1.0	0.1990740112232737
STAG2	P19_0046_BDO_01	2.0	1.4216849043305153
STAG2	P19_0046_BTR_01	1.0	0.7746548224689629
STAG2	P19_0047_BDO_01	2.0	0.8373946274132256
STAG2	P19_0047_BTR_01	0.0	0.3382039869424464
STAG2	P19_0048_BTR_01	0.0	2.0267172309127437
STAG2	P19_0050_BDO_01	0.0	1.8325275337175204
STAG2	P19_0050_BTR_01	1.0	2.2251955776596226
STAG2	P19_0051_BDO_01	0.0	1.0659105424655968
STAG2	P19_0051_BTR_01	1.0	1.166069971211932
STAG2	P19_0052_BDO_01	1.0	0.3618425404235778
STAG2	P19_0052_BTR_01	0.0	0.562414991561051
STAG2	P19_0053_BDO_01	2.0	1.5267141466026934
STAG2	P19_0053_BTR_01	0.0	1.3590760300579587
STAG2	SexF	55.0	53.04003918936496
STAG2	SexM	56.0	56.32983352365638
STAG2	all_samples	111.0	111.00000000000004
TERTpromoter	BladderlocationDome	14.0	13.100489560389706
TERTpromoter	BladderlocationDome_SexF	4.0	5.015449256509012
TERTpromoter	BladderlocationDome_SexM	10.0	8.057148657294432
TERTpromoter	BladderlocationTrigone	17.0	17.95458274694833
TERTpromoter	BladderlocationTrigone_SexF	3.0	6.334732579925758
TERTpromoter	BladderlocationTrigone_SexM	14.0	11.626459982910594
TERTpromoter	HistoryofsmokingNo	6.0	5.190837480642288
TERTpromoter	HistoryofsmokingUnknown	2.0	1.5907708773157307
TERTpromoter	HistoryofsmokingYes	23.0	24.615939182512644
TERTpromoter	P19_0001_BDO_01	0.0	0.0270481126243555
TERTpromoter	P19_0001_BTR_01	0.0	0.0387286163457438
TERTpromoter	P19_0002_BDO_01	1.0	0.6702797056896936
TERTpromoter	P19_0002_BTR_01	1.0	0.5508847644112488
TERTpromoter	P19_0003_BDO_01	0.0	0.3440706459974611
TERTpromoter	P19_0004_BDO_01	1.0	0.455952026081259
TERTpromoter	P19_0004_BTR_01	0.0	0.5925211189842478
TERTpromoter	P19_0005_BDO_01	1.0	0.1592180874429449
TERTpromoter	P19_0005_BTR_01	0.0	0.1474675392489595
TERTpromoter	P19_0006_BDO_01	0.0	0.1402150516980749
TERTpromoter	P19_0007_BDO_01	1.0	0.1112095253773256
TERTpromoter	P19_0007_BTR_01	0.0	0.3440698048153848
TERTpromoter	P19_0008_BDO_01	1.0	1.0244322827516288
TERTpromoter	P19_0008_BTR_01	3.0	3.650177039027579
TERTpromoter	P19_0009_BDO_01	0.0	0.2041323445924147
TERTpromoter	P19_0009_BTR_01	2.0	2.2254617194671567
TERTpromoter	P19_0011_BDO_01	0.0	0.1236380688180178
TERTpromoter	P19_0011_BTR_01	1.0	0.199559983273631
TERTpromoter	P19_0012_BDO_01	0.0	0.386085518340676
TERTpromoter	P19_0012_BTR_01	0.0	1.052669497568753
TERTpromoter	P19_0013_BDO_01	0.0	0.2986196723787011
TERTpromoter	P19_0013_BTR_01	0.0	0.0898377307397068
TERTpromoter	P19_0014_BDO_01	1.0	0.2805643404210952
TERTpromoter	P19_0014_BTR_01	1.0	0.279384320563895
TERTpromoter	P19_0015_BDO_01	0.0	0.161125664830459
TERTpromoter	P19_0015_BTR_01	0.0	0.3947714302860927
TERTpromoter	P19_0016_BDO_01	0.0	0.1846618569846758
TERTpromoter	P19_0016_BTR_01	0.0	0.1825978612551036
TERTpromoter	P19_0018_BDO_01	0.0	0.3759331727949225
TERTpromoter	P19_0018_BTR_01	1.0	0.372398316126017
TERTpromoter	P19_0019_BDO_01	0.0	0.2503875621859271
TERTpromoter	P19_0019_BTR_01	0.0	0.2270866556367494
TERTpromoter	P19_0020_BDO_01	1.0	0.2108952573356184
TERTpromoter	P19_0020_BTR_01	0.0	0.1871557232876233
TERTpromoter	P19_0023_BDO_01	0.0	0.4139773072632778
TERTpromoter	P19_0023_BTR_01	1.0	0.5628701461815129
TERTpromoter	P19_0024_BDO_01	0.0	0.2020657392612693
TERTpromoter	P19_0024_BTR_01	1.0	0.325991276427113
TERTpromoter	P19_0025_BDO_01	0.0	0.1654052756903021
TERTpromoter	P19_0025_BTR_01	0.0	0.164279435348158
TERTpromoter	P19_0026_BDO_01	0.0	0.1933792536297265
TERTpromoter	P19_0026_BTR_01	1.0	0.1569933273696718
TERTpromoter	P19_0027_BTR_01	0.0	0.283816535366445
TERTpromoter	P19_0028_BDO_01	0.0	0.5853202845012755
TERTpromoter	P19_0028_BTR_01	2.0	0.4368225846756545
TERTpromoter	P19_0029_BDO_01	0.0	0.0845005141828532
TERTpromoter	P19_0029_BTR_01	0.0	0.2624059157411207
TERTpromoter	P19_0030_BTR_01	0.0	0.1284876958889147
TERTpromoter	P19_0031_BTR_01	1.0	0.4792832096992472
TERTpromoter	P19_0033_BDO_01	0.0	0.082123599005705
TERTpromoter	P19_0033_BTR_01	0.0	0.0421246266857892
TERTpromoter	P19_0034_BDO_01	1.0	0.3216630207970066
TERTpromoter	P19_0034_BTR_01	0.0	0.3995074285253606
TERTpromoter	P19_0035_BDO_01	2.0	0.8132694890628454
TERTpromoter	P19_0036_BTR_01	0.0	0.1723371799867751
TERTpromoter	P19_0038_BDO_01	1.0	0.8197170645657558
TERTpromoter	P19_0039_BTR_01	0.0	0.4924148808086567
TERTpromoter	P19_0040_BDO_01	1.0	0.2857743764332519
TERTpromoter	P19_0040_BTR_01	0.0	0.1339738560724601
TERTpromoter	P19_0041_BDO_01	0.0	0.212910688698279
TERTpromoter	P19_0041_BTR_01	0.0	0.4107671990308649
TERTpromoter	P19_0042_BDO_01	1.0	0.3827292605809716
TERTpromoter	P19_0042_BTR_01	0.0	0.2178561568034902
TERTpromoter	P19_0043_BTR_01	0.0	0.4314123800260726
TERTpromoter	P19_0045_BDO_01	0.0	0.2340609214493055
TERTpromoter	P19_0045_BTR_01	0.0	0.1310843681438818
TERTpromoter	P19_0046_BDO_01	0.0	0.5689124021447033
TERTpromoter	P19_0046_BTR_01	0.0	0.0994083996137935
TERTpromoter	P19_0047_BDO_01	0.0	0.2340583114859783
TERTpromoter	P19_0047_BTR_01	0.0	0.2029319921325919
TERTpromoter	P19_0048_BTR_01	1.0	1.3975000482047262
TERTpromoter	P19_0050_BDO_01	1.0	0.5415400678666562
TERTpromoter	P19_0050_BTR_01	0.0	0.5309845525766037
TERTpromoter	P19_0051_BDO_01	0.0	0.2813325174280791
TERTpromoter	P19_0051_BTR_01	1.0	0.3372891865482654
TERTpromoter	P19_0052_BDO_01	0.0	0.1441126646160033
TERTpromoter	P19_0052_BTR_01	0.0	0.2080077890380885
TERTpromoter	P19_0053_BDO_01	0.0	0.461523112927146
TERTpromoter	P19_0053_BTR_01	0.0	0.3172033945270063
TERTpromoter	SexF	7.0	11.299823660226606
TERTpromoter	SexM	24.0	19.741992189522307
TERTpromoter	all_samples	31.0	31.0
TP53	BladderlocationDome	17.0	20.5009036141131
TP53	BladderlocationDome_SexF	7.0	6.832936741628252
TP53	BladderlocationDome_SexM	10.0	13.719935890903288
TP53	BladderlocationTrigone	26.0	22.49823771153032
TP53	BladderlocationTrigone_SexF	9.0	7.497661439621088
TP53	BladderlocationTrigone_SexM	17.0	14.975034052926082
TP53	HistoryofsmokingNo	11.0	8.727549298290144
TP53	HistoryofsmokingUnknown	2.0	2.044280163534417
TP53	HistoryofsmokingYes	30.0	32.34861293924193
TP53	P19_0001_BDO_01	0.0	0.102209862592101
TP53	P19_0001_BTR_01	0.0	0.1503438598626347
TP53	P19_0002_BDO_01	1.0	1.0487897160198656
TP53	P19_0002_BTR_01	0.0	1.391382657496251
TP53	P19_0003_BDO_01	0.0	0.6583074972144295
TP53	P19_0004_BDO_01	1.0	0.7680989844035087
TP53	P19_0004_BTR_01	1.0	0.8629184547030293
TP53	P19_0005_BDO_01	0.0	0.4928222917875194
TP53	P19_0005_BTR_01	0.0	0.4495239200220804
TP53	P19_0006_BDO_01	0.0	0.2399870222927901
TP53	P19_0007_BDO_01	0.0	0.1956960326916142
TP53	P19_0007_BTR_01	0.0	0.2876519731954526
TP53	P19_0008_BDO_01	0.0	1.0868311820704948
TP53	P19_0008_BTR_01	2.0	2.386476056030598
TP53	P19_0009_BDO_01	0.0	0.4435490002563408
TP53	P19_0009_BTR_01	2.0	1.165898623934079
TP53	P19_0011_BDO_01	0.0	0.4342039067171817
TP53	P19_0011_BTR_01	1.0	0.5006183370787225
TP53	P19_0012_BDO_01	0.0	0.8185932419970832
TP53	P19_0012_BTR_01	3.0	1.6383500553051804
TP53	P19_0013_BDO_01	1.0	0.3503308854407597
TP53	P19_0013_BTR_01	0.0	0.190150974612664
TP53	P19_0014_BDO_01	1.0	0.7232143917297664
TP53	P19_0014_BTR_01	2.0	0.61819085097294
TP53	P19_0015_BDO_01	0.0	0.5226815509568015
TP53	P19_0015_BTR_01	0.0	0.5921816254852134
TP53	P19_0016_BDO_01	0.0	0.3969411535955994
TP53	P19_0016_BTR_01	1.0	0.4328285782806182
TP53	P19_0018_BDO_01	0.0	0.5714383584245543
TP53	P19_0018_BTR_01	1.0	0.5589828126697131
TP53	P19_0019_BDO_01	0.0	0.3715399833061756
TP53	P19_0019_BTR_01	0.0	0.4017210514894137
TP53	P19_0020_BDO_01	1.0	0.4150593595453125
TP53	P19_0020_BTR_01	1.0	0.3283724994031481
TP53	P19_0023_BDO_01	3.0	0.9462153435591916
TP53	P19_0023_BTR_01	0.0	1.1909385845224614
TP53	P19_0024_BDO_01	1.0	0.5074980972664799
TP53	P19_0024_BTR_01	0.0	0.3568138932083579
TP53	P19_0025_BDO_01	0.0	0.1575368189384063
TP53	P19_0025_BTR_01	1.0	0.3735975476685649
TP53	P19_0026_BDO_01	0.0	0.5917458071214136
TP53	P19_0026_BTR_01	0.0	0.3955901382651295
TP53	P19_0027_BTR_01	0.0	0.4258418415232283
TP53	P19_0028_BDO_01	1.0	0.8881345703672134
TP53	P19_0028_BTR_01	2.0	0.6893131801495745
TP53	P19_0029_BDO_01	0.0	0.3279225742854086
TP53	P19_0029_BTR_01	1.0	0.5527250778105565
TP53	P19_0030_BTR_01	0.0	0.2054721616041575
TP53	P19_0031_BTR_01	0.0	0.323922826784809
TP53	P19_0033_BDO_01	0.0	0.1935389280527413
TP53	P19_0033_BTR_01	0.0	0.0960311299279795
TP53	P19_0034_BDO_01	0.0	0.4189149261439641
TP53	P19_0034_BTR_01	1.0	0.4890848226078406
TP53	P19_0035_BDO_01	0.0	1.0506415356458716
TP53	P19_0036_BTR_01	0.0	0.0501633014346622
TP53	P19_0038_BDO_01	2.0	1.037779376673691
TP53	P19_0039_BTR_01	1.0	0.743205064395473
TP53	P19_0040_BDO_01	1.0	0.5071305820763896
TP53	P19_0040_BTR_01	0.0	0.2604891057030314
TP53	P19_0041_BDO_01	2.0	0.2695017536358706
TP53	P19_0041_BTR_01	0.0	0.3316465079297168
TP53	P19_0042_BDO_01	1.0	0.6522585797539262
TP53	P19_0042_BTR_01	0.0	0.5020172900497013
TP53	P19_0043_BTR_01	1.0	0.3998702917743753
TP53	P19_0045_BDO_01	0.0	0.1909802682064918
TP53	P19_0045_BTR_01	0.0	0.1082830729956037
TP53	P19_0046_BDO_01	0.0	0.8709244768660749
TP53	P19_0046_BTR_01	0.0	0.1485736758346416
TP53	P19_0047_BDO_01	0.0	0.4605572447972843
TP53	P19_0047_BTR_01	1.0	0.2044858741094042
TP53	P19_0048_BTR_01	0.0	0.9787236679342928
TP53	P19_0050_BDO_01	0.0	0.7081741498744308
TP53	P19_0050_BTR_01	0.0	0.9123486873254744
TP53	P19_0051_BDO_01	1.0	0.4133875947788732
TP53	P19_0051_BTR_01	1.0	0.4638545751171167
TP53	P19_0052_BDO_01	0.0	0.093278094524636
TP53	P19_0052_BTR_01	0.0	0.1505434355163684
TP53	P19_0053_BDO_01	0.0	0.6005845259504268
TP53	P19_0053_BTR_01	3.0	0.5095532722711161
TP53	SexF	16.0	14.347387922310514
TP53	SexM	27.0	28.695758741535418
TP53	all_samples	43.0	42.99999999999999
