sample	quality	in_duplex	1	2	3	4	5	6	7	8	9	10	11	12	13	14	15	16	17	18	19	20	21	22	23	24	25	26	27	28	29	30	31	32	33	34	35	36	37	38	39	40	41	42	43	44	45	46	47	48	49	50	51	52	53	54	55	56	57	58	59	60	61	62	63	64	65	66	67	68	69	70	71	72	73	74	75	76	77	78	79	80	81	82	83	84	85	86	87	88	89	90	91	92	93	94	95	96	97	98	99	100	101	102	103	104	105	106	107	108	109	110	111	112	113	114	115	116	117	118	119	120	121	122	123	124	125	126	127	128	129	130	131	132	133	134	135	136	137	138	139	140	141	142	143	144	145	146	147	148	149	150	151	152	153	154	155	156	157	158	159	160	161	162	163	164	165	166	167	168	169	170	171	172	173	174	175	176	177	178	179	180	181	182	183	184	185	186	187	188	189	190	191	192	193	194	195	196	197	198	199	200	201
SC003_B1_1_H_2	duplex	False	0.045099699213727244	0.03801311297374915	0.0342081942845556	0.029991145058938	0.027134525071490338	0.025430341666403726	0.024410413334327648	0.02387238273366497	0.023302586243796154	0.022834022080937384	0.0222110028652897	0.02142473886220812	0.020370339238262477	0.0191582722488665	0.017786610506423335	0.016336249221783724	0.014772599906616165	0.013238814509158075	0.011706980503391449	0.010242349490507303	0.00886147582375508	0.007623601608639201	0.0064549227262586635	0.005442468139640562	0.004547999326066688	0.0037624074376342628	0.0031021621072588063	0.002530155828680043	0.002045770143460302	0.0016530207954277498	0.0013357953890749284	0.0010477759058380705	0.0008418532501881575	0.000660544675555334	0.0005178742212157434	0.0004056409588451972	0.00032260797156835293	0.00025003794553156336	0.00019042589456899536	0.00014487177101614186	0.00011022680246202825	8.925287179269326e-05	6.350918632323615e-05	5.200134096474145e-05	3.786998926562305e-05	2.9683180997089028e-05	2.117019944293387e-05	1.8502920929780927e-05	1.3837654541502829e-05	9.036835618940624e-06	7.849338938389207e-06	5.653670284099728e-06	4.565013993130474e-06	3.583670125136141e-06	2.7181107135094845e-06	1.8186631683118005e-06	9.658118067742791e-07	9.008595507631434e-07	5.831582985347621e-07	8.472033392756834e-07	5.167940369581669e-07	5.252660703509238e-07	2.6686905187184027e-07	9.036835618940623e-08	0.0	9.319236732032518e-08	0.0	0	0	0.0	1.0025239514762254e-07	0	0	0	0	0	0	0	0	0	0	0	0	0	0	0	0	0	0	0	0	0	0	0	0	0	0	0	0	0	0	0	0	0	0	0	0	0	0	0	0	0	0	0	0	0	0	0	0	0	0	0	0	0	0	0	0	0	0	0	0	0	0	0	0	0	0	0	0	0	0	0	0	0	0	0	0	0	0	0	0	0	0	0	0	0	0	0	0	0	0	0	0	0	0	0	0	0	0	0	0	0	0	0	0	0	0	0	0	0	0	0	0	0	0	0	0	0	0	0	0	0	0	0	0	0	0	0	0	0	0
SC003_B1_1_H_2	duplex	True	0.0	0.010249674975380907	0.014117381316053744	0.017273001954020845	0.02002816228156242	0.022352782344117486	0.024315012590302946	0.025870099503721558	0.027062326402917263	0.027765084396857573	0.02790505650856157	0.0275472232341517	0.02676858688513473	0.02553667980553848	0.024047527904004565	0.02229215647315892	0.020365721980063426	0.01831224934624354	0.01631132732355336	0.014321690049342337	0.012435356514305891	0.010689350916375939	0.009136736424702446	0.0077071104417916056	0.006436521469729595	0.005357586837078531	0.004387899075027065	0.003583043194665077	0.002904330243498976	0.0023551405628524725	0.001887674940323632	0.0015012443171965111	0.001183077103131528	0.0009431208773373454	0.0007352736581017111	0.0005797920772667067	0.00045896534902477423	0.00035364808991384853	0.0002702197410786756	0.00021518964817602359	0.0001612877477201737	0.00012234463422480145	9.933176751894296e-05	7.411899614209863e-05	5.248424686812859e-05	4.0075541958870744e-05	3.2319395387801865e-05	2.4535008705423794e-05	1.688193854063345e-05	1.1154843967129832e-05	1.1665989981826162e-05	6.387913178138653e-06	5.313376942823995e-06	4.04115992834501e-06	2.9510916318102974e-06	2.451241661637644e-06	1.8511392963173684e-06	1.3103411647463904e-06	1.4162415821558508e-06	7.624830053481151e-07	8.613233949302781e-07	2.626330351754619e-07	0.0	4.5184178094703117e-07	2.753410852645971e-07	9.319236732032518e-08	2.83813118657354e-07	0	0	9.884038958216307e-08	0.0	0	0	0	0	0	0	0	0	0	0	0	0	0	0	0	0	0	0	0	0	0	0	0	0	0	0	0	0	0	0	0	0	0	0	0	0	0	0	0	0	0	0	0	0	0	0	0	0	0	0	0	0	0	0	0	0	0	0	0	0	0	0	0	0	0	0	0	0	0	0	0	0	0	0	0	0	0	0	0	0	0	0	0	0	0	0	0	0	0	0	0	0	0	0	0	0	0	0	0	0	0	0	0	0	0	0	0	0	0	0	0	0	0	0	0	0	0	0	0	0	0	0	0	0	0	0	0	0	0	0
SC003_B1_1_H_2	allm	False	0.037881426510703274	0.035297083556443155	0.03118906234056251	0.027029429497253187	0.02441709212065227	0.02302728328268182	0.022299518670177224	0.022026631650585396	0.021710420064228575	0.021439172383098243	0.020988536454904116	0.020364531659371743	0.019433904207277582	0.01834141573320367	0.01707616696619023	0.015718468546783895	0.014238628821954183	0.012781095961047602	0.011318670500856703	0.009908974976502321	0.008586897221495832	0.00739409987205168	0.006257922533776889	0.005281838386513892	0.0044170358098703216	0.003656456188024446	0.003016916507260887	0.0024591488928042173	0.0019931927042248533	0.0016093474632880884	0.0013014780058120013	0.0010219305559679005	0.0008197200629495802	0.0006441258748401712	0.0005058156936867195	0.0003959320085770979	0.0003146146080622869	0.0002434382315186058	0.00018530455038307387	0.0001415959181042759	0.00010814268224741008	8.694000667647063e-05	6.180913162242294e-05	5.082090431201733e-05	3.742520751250332e-05	2.8514040388888585e-05	2.0639285350321107e-05	1.8299592128354763e-05	1.3630089723380288e-05	8.754434505848728e-06	7.561289803035475e-06	5.43339741588805e-06	4.565013993130474e-06	3.431173524066518e-06	2.7181107135094845e-06	1.8186631683118005e-06	8.853274895430893e-07	9.008595507631434e-07	5.831582985347621e-07	7.624830053481151e-07	5.167940369581669e-07	5.252660703509238e-07	2.6686905187184027e-07	9.036835618940623e-08	0.0	9.319236732032518e-08	0.0	0	0	0.0	1.0025239514762254e-07	0	0	0	0	0	0	0	0	0	0	0	0	0	0	0	0	0	0	0	0	0	0	0	0	0	0	0	0	0	0	0	0	0	0	0	0	0	0	0	0	0	0	0	0	0	0	0	0	0	0	0	0	0	0	0	0	0	0	0	0	0	0	0	0	0	0	0	0	0	0	0	0	0	0	0	0	0	0	0	0	0	0	0	0	0	0	0	0	0	0	0	0	0	0	0	0	0	0	0	0	0	0	0	0	0	0	0	0	0	0	0	0	0	0	0	0	0	0	0	0	0	0	0	0	0	0	0	0	0	0
SC003_B1_1_H_2	allm	True	0.00721827270302397	0.012965704392686904	0.017136513260046837	0.02023471751570566	0.022745595232400485	0.02475584072783939	0.02642590725445337	0.027715850586801132	0.02865449258248484	0.02915993409469671	0.029127522918947157	0.028607430436988074	0.027705021916119624	0.02635353632120131	0.02475797144423767	0.022909937148158747	0.020899693064725406	0.018769967894354013	0.01669963732608811	0.014655064563347319	0.01270993511656514	0.010918852652963459	0.00933373661718422	0.007867740194918276	0.006567484985925962	0.005463538086688348	0.004473144675024985	0.003654050130540903	0.002956907682734425	0.002398813894992134	0.0019219923235865592	0.0015270896670666813	0.0012052102903701053	0.0009595396780525082	0.0007473321856307349	0.000589501027534806	0.0004669587125308403	0.0003602478039268061	0.0002753410852645971	0.00021846550108788957	0.00016337186793479187	0.00012465749934102406	0.00010103182221975618	7.529943279482275e-05	5.2929028621248323e-05	4.124468256707119e-05	3.285030948041463e-05	2.4738337506849958e-05	1.7089503358755995e-05	1.1437245080221727e-05	1.1954039117179894e-05	6.608186046350331e-06	5.313376942823995e-06	4.193656529414633e-06	2.9510916318102974e-06	2.451241661637644e-06	1.9316236135485583e-06	1.3103411647463904e-06	1.4162415821558508e-06	8.472033392756834e-07	8.613233949302781e-07	2.626330351754619e-07	0.0	4.5184178094703117e-07	2.753410852645971e-07	9.319236732032518e-08	2.83813118657354e-07	0	0	9.884038958216307e-08	0.0	0	0	0	0	0	0	0	0	0	0	0	0	0	0	0	0	0	0	0	0	0	0	0	0	0	0	0	0	0	0	0	0	0	0	0	0	0	0	0	0	0	0	0	0	0	0	0	0	0	0	0	0	0	0	0	0	0	0	0	0	0	0	0	0	0	0	0	0	0	0	0	0	0	0	0	0	0	0	0	0	0	0	0	0	0	0	0	0	0	0	0	0	0	0	0	0	0	0	0	0	0	0	0	0	0	0	0	0	0	0	0	0	0	0	0	0	0	0	0	0	0	0	0	0	0	0	0	0	0	0
SC003_B1_1_H_1	duplex	False	0.07449146512414316	0.05331077348394006	0.03866416869994757	0.027021968990128133	0.019624042592117894	0.014862542079049156	0.011798472723591748	0.009786050891557282	0.008386617548248479	0.007375458115010869	0.006637955042091574	0.005994122729437592	0.005433370556480794	0.004940631341485895	0.004466615288623027	0.00403411183080617	0.003619659928836036	0.0032470381085195135	0.002887102320381277	0.002546511235464564	0.002241954880510429	0.001978740166275136	0.001722559001500516	0.0015055605685130597	0.001294307422020823	0.0011217119333108733	0.0009689153978917822	0.0008436254137142035	0.0007219437869422303	0.0006095742865916268	0.0005301855392589585	0.0004524916819699384	0.0003913181181971404	0.0003324304579990611	0.0002780572131405836	0.00023395343893562292	0.00019969907618027773	0.00016389147125236736	0.00013839241225275527	0.00011996109357924964	9.892882692809944e-05	7.857060876693035e-05	6.736699482566799e-05	5.716712700535577e-05	4.978434227632337e-05	3.864544675891788e-05	3.254115617664316e-05	2.5848294267971868e-05	2.183941529585586e-05	1.9110251572834455e-05	1.4074425535366768e-05	1.0858041979913352e-05	8.41339510139485e-06	7.846803617062888e-06	5.70865342511189e-06	4.718339429867881e-06	5.498623823161249e-06	2.974605292742794e-06	2.5936213636230276e-06	2.710847187967571e-06	1.936668306358814e-06	1.5141668977836884e-06	8.462239194871743e-07	4.6890329737817445e-07	6.349732151996112e-07	9.67113050842485e-07	2.454415697213882e-07	6.642796712857472e-07	2.5276818374292215e-07	8.547716358456306e-08	8.669826592148538e-08	2.637581047752231e-07	0.0	9.036157293225237e-08	9.15826752691747e-08	9.280377760609703e-08	9.402487994301936e-08	0.0	0.0	0.0	0	0	0	0.0	0	0.0	0	0	0	0.0	0	1.123414149968543e-07	0	0	0	0	0	0	0	0	0	0	0	0	0	0	0	1.3187905238761156e-07	0	0	0	0	0	0	0	0	0	0	0	0	0	0	0	0	0	0	0	0	0	0	0	0	0	0	0	0	0	0	0	0	0	0	0	0	0	0	0	0	0	0	0	0	0	0	0	0	0	0	0	0	0	0	0	0	0	0	0	0	0	0	0	0	0	0	0	0	0	0	0	0	0	0	0	0	0	0	0	0	0	0	0	0	0	0	0	0	0	0	0	0	0
SC003_B1_1_H_1	duplex	True	0.0	0.01751387762352448	0.023125017479316765	0.027035449959927755	0.029902689829696655	0.03208655442983502	0.033777079032628714	0.03495202248011304	0.035718968772580205	0.03582940160462445	0.03549854270533301	0.03462733625313474	0.033396051143824816	0.03170395864563051	0.029728395787636044	0.027628348873006373	0.025344469885962388	0.023077603296676408	0.020830643117686932	0.01868899568864299	0.01656093546530198	0.01467972840598384	0.012906596230097349	0.011307984000203797	0.00989184475582356	0.008580393056992347	0.007441044742629304	0.006395401379397008	0.005521256954976105	0.0047514557252452145	0.004056377410817612	0.0034791843159964917	0.0029626702385017155	0.0025162083598714996	0.0021387241100493523	0.0018108752280184236	0.0015287822716543117	0.0012719221739803629	0.001074755664046862	0.0008808543817622915	0.0007434180926393464	0.0006254876922463986	0.0005067489221064083	0.000421070276636253	0.00035843627446849595	0.0002960757992242095	0.00023725774185933475	0.00019717383654752237	0.00015856013844936447	0.00012876524142845964	0.00010836062137848751	9.118215370266417e-05	6.92487135268653e-05	5.730144826241723e-05	4.667663682885604e-05	3.966140390323726e-05	3.243492027333091e-05	2.2663659373278434e-05	2.0100565568078465e-05	1.523935716479067e-05	1.1992446050914196e-05	1.029633490492908e-05	7.000579697575714e-06	6.0957428659162685e-06	6.032245544396307e-06	3.7878594491330654e-06	2.618043410361474e-06	2.1589089316786785e-06	1.9378894086957366e-06	2.0514519260295132e-06	1.560568786586737e-06	9.67113050842485e-07	3.5656188238132016e-07	5.421694375935143e-07	3.663307010766988e-07	2.784113328182911e-07	2.820746398290581e-07	4.7622991139970846e-07	4.823354230843201e-07	1.9537637390757269e-07	0	0	0	2.0514519260295133e-07	0	2.1002960195064066e-07	0	0	0	1.0989921032300964e-07	0	0.0	0	0	0	0	0	0	0	0	0	0	0	0	0	0	0	0.0	0	0	0	0	0	0	0	0	0	0	0	0	0	0	0	0	0	0	0	0	0	0	0	0	0	0	0	0	0	0	0	0	0	0	0	0	0	0	0	0	0	0	0	0	0	0	0	0	0	0	0	0	0	0	0	0	0	0	0	0	0	0	0	0	0	0	0	0	0	0	0	0	0	0	0	0	0	0	0	0	0	0	0	0	0	0	0	0	0	0	0	0	0
SC003_B1_1_H_1	allm	False	0.06053911929491021	0.0472606705389686	0.032504970029990796	0.021481090141700025	0.014954382406911422	0.011076836654438421	0.008755015575581587	0.007353546654677135	0.006416685193129564	0.005774299886744834	0.005312123642140764	0.00489410490024448	0.0045165644797148345	0.004163814878829386	0.0038240346058643895	0.0034925675976091603	0.003155598302223759	0.002862171073968334	0.0025616858742054977	0.0022729598899472237	0.0020175260398028003	0.0017866876329286662	0.001563820582109961	0.0013752933712101857	0.0011879799360333112	0.0010331649184512875	0.0008955906447642702	0.0007809535573740019	0.0006738543347095552	0.0005667502276357607	0.0004970631383699404	0.0004256469681950379	0.00036633436438370957	0.00031262662029885475	0.0002612182119144247	0.000221249090222283	0.00018939785686600098	0.00015423987838133327	0.00013210617742227912	0.00011414864645549935	9.30211338220692e-05	7.477542270377577e-05	6.4584102599822e-05	5.480307288107414e-05	4.7916055700832205e-05	3.72411790714572e-05	3.116375274059477e-05	2.4441584375837344e-05	2.0882071063708755e-05	1.8438645287527173e-05	1.351393956271942e-05	9.969079478633897e-06	8.219239829824198e-06	7.319287407512442e-06	5.574332168050433e-06	4.58157596813258e-06	5.289815323547531e-06	2.903781357201299e-06	2.5215763257446103e-06	2.5643149075368915e-06	1.936668306358814e-06	1.5141668977836884e-06	7.692944722610675e-07	3.9075274781514537e-07	6.349732151996112e-07	9.67113050842485e-07	2.454415697213882e-07	5.812447123750287e-07	2.5276818374292215e-07	8.547716358456306e-08	8.669826592148538e-08	2.637581047752231e-07	0.0	9.036157293225237e-08	9.15826752691747e-08	9.280377760609703e-08	9.402487994301936e-08	0.0	0.0	0.0	0	0	0	0.0	0	0.0	0	0	0	0.0	0	1.123414149968543e-07	0	0	0	0	0	0	0	0	0	0	0	0	0	0	0	1.3187905238761156e-07	0	0	0	0	0	0	0	0	0	0	0	0	0	0	0	0	0	0	0	0	0	0	0	0	0	0	0	0	0	0	0	0	0	0	0	0	0	0	0	0	0	0	0	0	0	0	0	0	0	0	0	0	0	0	0	0	0	0	0	0	0	0	0	0	0	0	0	0	0	0	0	0	0	0	0	0	0	0	0	0	0	0	0	0	0	0	0	0	0	0	0	0	0
SC003_B1_1_H_1	allm	True	0.013952345829232958	0.02356398056849594	0.029284216149273536	0.03257632880835586	0.03457235001490313	0.03587225985444575	0.03682053618063887	0.03738452671699319	0.03768890112769912	0.03743055983289049	0.036824374105283816	0.03572735408232785	0.03431285722059077	0.03248077510828702	0.030370976470394682	0.02816989310620338	0.025808531512574666	0.023462470331227586	0.02115605956386271	0.01896254703416033	0.016785364306009607	0.01487178093933031	0.013065334649487904	0.01143825119750667	0.00999817224181107	0.008668940071851932	0.007514369495756817	0.006458073235737209	0.00556934640720878	0.00479427978420108	0.00408949981170663	0.003506029029771392	0.002987653992315146	0.0025360121975717058	0.002155563111275511	0.0018235795767317636	0.0015390834909685886	0.0012815737668513969	0.0010810418988773383	0.0008866668288860418	0.0007493257857453767	0.0006292828783095532	0.0005095318143322542	0.0004234343307605346	0.00036030456104398713	0.0002974800669116702	0.00023863514529538313	0.00019858054643965688	0.00015951748268151157	0.0001294368477137669	0.00010892110735113485	9.207111620394364e-05	6.944286879843595e-05	5.782896447196767e-05	4.6810958085917494e-05	3.9798167364972556e-05	3.264372877294463e-05	2.273448330881993e-05	2.0172610605956882e-05	1.538588944522135e-05	1.1992446050914196e-05	1.029633490492908e-05	7.077509144801821e-06	6.173893415479297e-06	6.032245544396307e-06	3.7878594491330654e-06	2.618043410361474e-06	2.2419438905893967e-06	1.9378894086957366e-06	2.0514519260295132e-06	1.560568786586737e-06	9.67113050842485e-07	3.5656188238132016e-07	5.421694375935143e-07	3.663307010766988e-07	2.784113328182911e-07	2.820746398290581e-07	4.7622991139970846e-07	4.823354230843201e-07	1.9537637390757269e-07	0	0	0	2.0514519260295133e-07	0	2.1002960195064066e-07	0	0	0	1.0989921032300964e-07	0	0.0	0	0	0	0	0	0	0	0	0	0	0	0	0	0	0	0.0	0	0	0	0	0	0	0	0	0	0	0	0	0	0	0	0	0	0	0	0	0	0	0	0	0	0	0	0	0	0	0	0	0	0	0	0	0	0	0	0	0	0	0	0	0	0	0	0	0	0	0	0	0	0	0	0	0	0	0	0	0	0	0	0	0	0	0	0	0	0	0	0	0	0	0	0	0	0	0	0	0	0	0	0	0	0	0	0	0	0	0	0	0
SC001_B1_1_H_2	duplex	False	0.05743323040782923	0.04242956115630369	0.03499761920338487	0.029982393813676574	0.027386115442980533	0.026245469955646552	0.0258186411329886	0.02577231492002716	0.025595458994296584	0.0252465595661809	0.024466805367973746	0.023468825599522875	0.02196572851554543	0.02026138969484406	0.018384038817820997	0.0165063440156403	0.014514114549382052	0.012570621301050158	0.010815399259048652	0.00922235310204181	0.007730600490543487	0.006482473333724969	0.005368345487589398	0.004388930091066577	0.00359679964490739	0.0028880862226439465	0.0023326243333067717	0.0018832127778716126	0.001508761733632646	0.0011851003428200453	0.0009343080947818284	0.0007446586589594387	0.0005632204362756375	0.00044624289203428115	0.000353863583148345	0.00026556079892499113	0.0002118376662128962	0.0001655746747877849	0.0001241696262142992	9.488288172461878e-05	7.112675723311907e-05	5.703594121580628e-05	4.1212855103041365e-05	3.326970127849373e-05	2.1280369128802424e-05	1.7914454534573545e-05	1.2598787759916064e-05	9.953598679853397e-06	8.921823206941765e-06	6.322153633036965e-06	3.4822422210767603e-06	3.8135230714478974e-06	2.8146227974280567e-06	1.229026666262386e-06	9.736116594876927e-07	4.2484872414008403e-07	8.648706169994568e-07	1.4667396428645758e-07	5.968113029586895e-07	3.0346337438577433e-07	4.6278164593830583e-07	0	1.5931827155253153e-07	1.618471330057463e-07	0	0.0	0	0	0	0.0	0	0	0	0	0	0	0	0	0	0	0	0	0	0	0	0	0	0	0	0	0	0	0	0	0	0	0	0	0	0	0	0	0	0	0	0	0	0	0	0	0	0	0	0	0	0	0	0	0	0	0	0	0	0	0	0	0	0	0	0	0	0	0	0	0	0	0	0	0	0	0	0	0	0	0	0	0	0	0	0	0	0	0	0	0	0	0	0	0	0	0	0	0	0	0	0	0	0	0	0	0	0	0	0	0	0	0	0	0	0	0	0	0	0	0	0	0	0	0	0	0	0	0	0	0	0	0	0	0	0	0
SC001_B1_1_H_2	duplex	True	0.0	0.010456199778234023	0.014278156602628392	0.01758145405841422	0.020624597421062034	0.023340172301952025	0.025723510422841565	0.027629187077002085	0.028872499281613683	0.029362559756047818	0.029195414658297586	0.028412911587690787	0.02701798908123606	0.025164285587662007	0.02301242427103103	0.02073124203740555	0.018340582862608954	0.016042940269784502	0.013881653886517393	0.011834060056463912	0.009964561294253084	0.008342850492674053	0.006926437721589905	0.005670759384472088	0.004640523988185463	0.003749350683211119	0.0030503759064040054	0.0024440130937365234	0.0019391764818312558	0.0015508495747984998	0.001231816000445282	0.0009738341992955755	0.0007685968614755699	0.0005918951962936399	0.0004606953352394036	0.0003526851337111469	0.00027396673439547705	0.00022140687795186095	0.00016864977031489408	0.0001313996411090403	9.756600372647966e-05	7.594170944004002e-05	5.58928958389532e-05	3.905573628344916e-05	3.1067062952743644e-05	2.6173716040773036e-05	1.9135894616476286e-05	1.286684707395683e-05	1.0037051107809486e-05	7.586584359644358e-06	6.448596705697704e-06	3.419020684746391e-06	2.9486524544484404e-06	1.7752607401567797e-06	1.808135939048572e-06	1.8410111379403642e-06	1.0090157198326996e-06	8.800437857187455e-07	5.968113029586895e-07	3.0346337438577433e-07	3.085210972922039e-07	0	0.0	0.0	0	1.6690485591217587e-07	0	0	0	1.7702030172503502e-07	0	0	0	0	0	0	0	0	0	0	0	0	0	0	0	0	0	0	0	0	0	0	0	0	0	0	0	0	0	0	0	0	0	0	0	0	0	0	0	0	0	0	0	0	0	0	0	0	0	0	0	0	0	0	0	0	0	0	0	0	0	0	0	0	0	0	0	0	0	0	0	0	0	0	0	0	0	0	0	0	0	0	0	0	0	0	0	0	0	0	0	0	0	0	0	0	0	0	0	0	0	0	0	0	0	0	0	0	0	0	0	0	0	0	0	0	0	0	0	0	0	0	0	0	0	0	0	0	0	0	0
SC001_B1_1_H_2	allm	False	0.04928612643594127	0.03911912978235835	0.0315881702592389	0.026865379879118904	0.02468166249476178	0.02393738822274323	0.02385293689451312	0.024081639537757507	0.02411361699083341	0.02396030476523226	0.023340948662418162	0.022474497507010447	0.021096179504857527	0.01951705473015063	0.017731820160422372	0.015957479925834562	0.014051922128162345	0.01217187042710725	0.010487517198470636	0.008948426829429585	0.007504474757119927	0.006299100532029459	0.005217235900314001	0.004268151668061038	0.003503358214211104	0.0028128020171817422	0.00227165095480831	0.001834071942112743	0.0014711398617931696	0.001155664395504625	0.0009116520250224771	0.000726612703629298	0.0005499515002306195	0.00043721485664630435	0.0003460746898724435	0.00026028053621067866	0.00020715927252444884	0.00016163470864367626	0.00012071773033066102	9.275863810391835e-05	6.97788740785556e-05	5.544275850028097e-05	4.001670363567078e-05	3.260208185484502e-05	2.1052771598013094e-05	1.7565471654029904e-05	1.2479931271614969e-05	9.46805728083616e-06	8.797908995734241e-06	6.069267487715486e-06	3.4822422210767603e-06	3.8135230714478974e-06	2.8146227974280567e-06	1.229026666262386e-06	9.736116594876927e-07	4.2484872414008403e-07	8.648706169994568e-07	1.4667396428645758e-07	5.968113029586895e-07	3.0346337438577433e-07	4.6278164593830583e-07	0	1.5931827155253153e-07	1.618471330057463e-07	0	0.0	0	0	0	0.0	0	0	0	0	0	0	0	0	0	0	0	0	0	0	0	0	0	0	0	0	0	0	0	0	0	0	0	0	0	0	0	0	0	0	0	0	0	0	0	0	0	0	0	0	0	0	0	0	0	0	0	0	0	0	0	0	0	0	0	0	0	0	0	0	0	0	0	0	0	0	0	0	0	0	0	0	0	0	0	0	0	0	0	0	0	0	0	0	0	0	0	0	0	0	0	0	0	0	0	0	0	0	0	0	0	0	0	0	0	0	0	0	0	0	0	0	0	0	0	0	0	0	0	0	0	0	0	0	0	0	0
SC001_B1_1_H_2	allm	True	0.008147103971887962	0.013766631152179371	0.017687605546774364	0.02069846799297189	0.023329050369280787	0.025648254034855347	0.027689214661317046	0.029319862459271737	0.030354341285076858	0.030648814556996452	0.030321271363853167	0.029407239680203215	0.02788753809192396	0.025908620552355436	0.023664642928429656	0.02128010612721129	0.018802775283828663	0.01644169114372741	0.01420953594709541	0.012107986329076139	0.010190687027676644	0.008526223294369563	0.0070775473088653005	0.005791537807477626	0.004733965418881749	0.0038246348886733232	0.003111349284902467	0.002493153929495393	0.001976798353670732	0.0015802855221139199	0.001254472070204633	0.0009918801546257162	0.000781865797520588	0.0006009232316816168	0.00046848422851530517	0.0003579653964254594	0.00027864512808392443	0.00022534684409596957	0.00017210166619853226	0.0001335238847297407	9.891388688104314e-05	7.753489215556535e-05	5.70890473063238e-05	3.9723355707097856e-05	3.129466048353298e-05	2.6522698921316677e-05	1.925475110477738e-05	1.335238847297407e-05	1.016096531901701e-05	7.839470504965837e-06	6.448596705697704e-06	3.419020684746391e-06	2.9486524544484404e-06	1.7752607401567797e-06	1.808135939048572e-06	1.8410111379403642e-06	1.0090157198326996e-06	8.800437857187455e-07	5.968113029586895e-07	3.0346337438577433e-07	3.085210972922039e-07	0	0.0	0.0	0	1.6690485591217587e-07	0	0	0	1.7702030172503502e-07	0	0	0	0	0	0	0	0	0	0	0	0	0	0	0	0	0	0	0	0	0	0	0	0	0	0	0	0	0	0	0	0	0	0	0	0	0	0	0	0	0	0	0	0	0	0	0	0	0	0	0	0	0	0	0	0	0	0	0	0	0	0	0	0	0	0	0	0	0	0	0	0	0	0	0	0	0	0	0	0	0	0	0	0	0	0	0	0	0	0	0	0	0	0	0	0	0	0	0	0	0	0	0	0	0	0	0	0	0	0	0	0	0	0	0	0	0	0	0	0	0	0	0	0	0	0	0	0	0	0	0
SC002_B1_1_H_1	duplex	False	0.05234901358271654	0.042175090611595696	0.03369590554188052	0.024750512867957562	0.018391498379706835	0.01413496892554007	0.011300110538941472	0.009441056156722583	0.00813233724902965	0.0072115763871947154	0.006534423317388213	0.006014414660590606	0.005618159496009833	0.005261210468390234	0.004947746187656622	0.004656593132259629	0.00438192043848888	0.004099624391259542	0.0038235535554851847	0.0035745197915483303	0.003323326604667743	0.003060764815160529	0.002810680863112367	0.0025819191038221018	0.002346105478981208	0.0021355385450410693	0.001934180790783824	0.0017498791036837215	0.0015602916806378502	0.0014128193314291812	0.0012661472761728043	0.0011324823700540698	0.0010119891003675205	0.0009044186273598746	0.000802481844190298	0.0007200747640304022	0.0006366533455541629	0.0005556950188731193	0.0004931329090374433	0.0004356804493899171	0.0003834125027376722	0.0003377620064735472	0.00029515979718712363	0.0002706153405053751	0.00023932901355886587	0.00020720337964789785	0.0001803381759450767	0.00015021485852343937	0.00013551960580527076	0.00012252194631923614	0.0001046455515008512	8.597202594737726e-05	7.784572095355322e-05	6.251782479483776e-05	5.283099931433155e-05	4.912687196992986e-05	4.285210344543955e-05	3.522558676964751e-05	2.8927621319003814e-05	2.4420036805107647e-05	2.3476343672958625e-05	2.1115529233984704e-05	1.6673317875611712e-05	1.5250924540115587e-05	1.1582646990678218e-05	1.0925752218243758e-05	9.607745050437862e-06	8.030354072007766e-06	5.383795679053526e-06	5.757055308976155e-06	3.9677287779628705e-06	4.4031983462059385e-06	2.3861201765957948e-06	2.4968327786914902e-06	2.214252041913906e-06	1.762966387657167e-06	2.1109202799579235e-06	8.224364727108793e-07	7.496824770479938e-07	1.0965819636145058e-06	8.540686447382208e-07	5.187676212484008e-07	5.250940556538691e-07	7.971307350890061e-07	7.169958992864076e-07	2.72036679435137e-07	4.586664943964519e-07	0.0	9.384211034777982e-08	9.489651608202454e-08	1.919018436325385e-07	1.9401065510102794e-07	0.0	1.9822827803800681e-07	0.0	0.0	0.0	0	1.04386167690227e-07	0.0	0	0	0.0	0	0.0	0	1.1282141356418472e-07	0	0	0	0	0.0	0	0	0	0	0	0	0	0	0	0	0	0	0	0	0	0	0	0	0	0	0	0	0	0	0	0	0	0	0	0	0	0	0	0	0	0	0	0	0	0	0	0	0	0	0	0	0	0	0	0	0	0	0	0	0	0	0	0	0	0	0	0	0	0	0	0	0	0	0	0	0	0	0	0	0	0	0	0	0	0	0	0	0	0	0	0	0	0	0
SC002_B1_1_H_1	duplex	True	0.0	0.01278831988036915	0.01713539115493551	0.020178828920665193	0.022362738328764738	0.024021161442277277	0.025304479715832256	0.02634725430042252	0.027193583607071383	0.027858896754888052	0.028289138579500734	0.02852542457811057	0.02852816919623681	0.028295306853046067	0.027861648753854433	0.027167109587895966	0.026213656876270777	0.02519800477038249	0.023966586455878503	0.022644080138804586	0.02129660971156669	0.01987561346366844	0.018432055041868824	0.016988045334414947	0.015618964861653706	0.014244681950999701	0.012934584935012108	0.01175847547329793	0.010616722768028379	0.009566264728852674	0.008571270540109711	0.00767340820760537	0.006854726473714136	0.006149530428999661	0.00548226663057464	0.004837103176339387	0.00433352637850425	0.003817583510217891	0.003366849310160162	0.0029592107812724832	0.0026131189694984028	0.002302910693672139	0.0020151117029157772	0.00177354418598311	0.0015606681034849754	0.001365155974618383	0.001195514744847219	0.0010258439917154962	0.0009102494910702479	0.0007739338089356223	0.0006813791279893553	0.0005897417800318812	0.000503119185746475	0.00043978841413053454	0.00037967568881550897	0.000332314946450439	0.0002816338804282324	0.0002443163526818434	0.00020348870824615371	0.00017334430270983148	0.0001530143057478591	0.00012943884793588148	0.00011060188949359959	9.231533084459347e-05	7.724049206209676e-05	6.952118768169118e-05	5.150033927771472e-05	4.7536828122688825e-05	3.826860171867776e-05	3.439471505106267e-05	2.7474650217214592e-05	2.3838004839804563e-05	1.9242904649966086e-05	1.5293100769485378e-05	1.2099305800458129e-05	1.2741438892613161e-05	1.0635790641326461e-05	7.237440959855738e-06	6.6638442404266115e-06	4.892442606895487e-06	4.014122630269638e-06	3.1990669976984714e-06	2.712985954211657e-06	3.2770930220325805e-06	2.2406121852700238e-06	1.5415411834657764e-06	8.255996899136135e-07	1.2062401599759563e-06	1.126105324173358e-06	6.642756125741717e-07	3.83803687265077e-07	3.880213102020559e-07	4.902986664237935e-07	5.946848341140204e-07	1.0016854475324812e-07	3.0366885146247854e-07	2.0455471244347512e-07	0	2.08772335380454e-07	1.0544057342447171e-07	0	0	1.0860379062720586e-07	0	2.214252041913906e-07	0	0.0	0	0	0	0	1.1809344223540831e-07	0	0	0	0	0	0	0	0	0	0	0	0	0	0	0	0	0	0	0	0	0	0	0	0	0	0	0	0	0	0	0	0	0	0	0	0	0	0	0	0	0	0	0	0	0	0	0	0	0	0	0	0	0	0	0	0	0	0	0	0	0	0	0	0	0	0	0	0	0	0	0	0	0	0	0	0	0	0	0	0	0	0	0	0	0	0	0	0	0
SC002_B1_1_H_1	allm	False	0.043032094721898055	0.03843614257222631	0.029648278114999517	0.020880012951560868	0.014943559996554582	0.01119804828148952	0.008835832537294787	0.0074051758240593875	0.006444318020962596	0.005805389267833933	0.005361575132610053	0.005027187224486088	0.00477507986783391	0.004535496742493091	0.004313442058078357	0.004111558155359724	0.003900834114965183	0.0036779422323974576	0.0034566361760540367	0.003250880495479257	0.003032241031237741	0.00280355729797181	0.002582791097364322	0.0023871914528217873	0.002177136960068492	0.0019866775434804	0.0018036506329129993	0.0016376312868389658	0.001460088340495372	0.0013269696165469763	0.001191033520476679	0.0010661138555177704	0.0009540199819102146	0.00085534025805372	0.0007607800974009195	0.000682381867842622	0.0006040384673825053	0.0005279282982675189	0.00047059814968516516	0.000414339277328804	0.0003656447117099145	0.0003227936626702092	0.00028223805491395465	0.0002589240897240697	0.00022889039678984318	0.00019881241881477838	0.00017374708570031298	0.00014495126509808974	0.00012978469301671373	0.00011782984080184713	0.00010028980141268627	8.213398907472648e-05	7.477212823822987e-05	6.0468060047466034e-05	5.068528364514355e-05	4.7768797384222664e-05	4.074856400562134e-05	3.369669845499267e-05	2.79322623058768e-05	2.3534335988342087e-05	2.257588117591364e-05	2.072329030084567e-05	1.5809759579265287e-05	1.498099667214894e-05	1.110289238159687e-05	1.0577798325943001e-05	9.537099866243466e-06	8.030354072007766e-06	4.874517709413327e-06	5.535630104784765e-06	3.8928659708314954e-06	4.4031983462059385e-06	2.3861201765957948e-06	2.418806754357381e-06	2.0560911817771982e-06	1.762966387657167e-06	2.1109202799579235e-06	8.224364727108793e-07	7.496824770479938e-07	1.0965819636145058e-06	8.540686447382208e-07	5.187676212484008e-07	5.250940556538691e-07	7.085606534124499e-07	7.169958992864076e-07	2.72036679435137e-07	4.586664943964519e-07	0.0	9.384211034777982e-08	9.489651608202454e-08	1.919018436325385e-07	1.9401065510102794e-07	0.0	1.9822827803800681e-07	0.0	0.0	0.0	0	1.04386167690227e-07	0.0	0	0	0.0	0	0.0	0	1.1282141356418472e-07	0	0	0	0	0.0	0	0	0	0	0	0	0	0	0	0	0	0	0	0	0	0	0	0	0	0	0	0	0	0	0	0	0	0	0	0	0	0	0	0	0	0	0	0	0	0	0	0	0	0	0	0	0	0	0	0	0	0	0	0	0	0	0	0	0	0	0	0	0	0	0	0	0	0	0	0	0	0	0	0	0	0	0	0	0	0	0	0	0	0	0	0	0	0	0
SC002_B1_1_H_1	allm	True	0.009316918860818485	0.016527267919738537	0.021183018581816506	0.02404932883706189	0.025810676711916992	0.026958082086327828	0.02776875771747894	0.028383134633085717	0.028881602835138437	0.029265083874248834	0.029461986764278896	0.029512652014215088	0.02937124882441273	0.02902102057894321	0.028495952883432697	0.027712144564795874	0.026694743199794476	0.025619686929244573	0.02433350383530965	0.02296771943487366	0.02158769528499669	0.02013282098085716	0.018659944807616867	0.017182772985415262	0.015787933380566423	0.01439354295256037	0.013065115092882933	0.011870723290142686	0.010716926108170858	0.00965211444373488	0.008646384295805836	0.007739776722141669	0.006912695592171442	0.006198608798305815	0.005523968377364018	0.004874796072527168	0.0043661412566759076	0.0038453502308234914	0.00338938406951244	0.0029805519533335966	0.0026308867605261605	0.002317879037475477	0.0020280334451889463	0.0017852354367644155	0.0015711067202539982	0.0013735469354515025	0.0012021058350919827	0.0010311075851408458	0.0009159844038588049	0.0007786259144530114	0.0006857348780775202	0.000593579816904532	0.0005061927784617983	0.00044183817887790626	0.00038182140448469695	0.0003336730210361462	0.00028373741986805064	0.0002458452409964982	0.00020448406725928072	0.00017423000352659705	0.00015391476824490408	0.0001298310868690205	0.00011146544778994602	9.258525871256012e-05	7.77202466711781e-05	6.986914157399193e-05	5.157098446190911e-05	4.7536828122688825e-05	3.877787968831796e-05	3.461614025525406e-05	2.7549513024345966e-05	2.3838004839804563e-05	1.9242904649966086e-05	1.5371126793819485e-05	1.2257466660594835e-05	1.2741438892613161e-05	1.0635790641326461e-05	7.237440959855738e-06	6.6638442404266115e-06	4.892442606895487e-06	4.014122630269638e-06	3.1990669976984714e-06	2.712985954211657e-06	3.3656631037091367e-06	2.2406121852700238e-06	1.5415411834657764e-06	8.255996899136135e-07	1.2062401599759563e-06	1.126105324173358e-06	6.642756125741717e-07	3.83803687265077e-07	3.880213102020559e-07	4.902986664237935e-07	5.946848341140204e-07	1.0016854475324812e-07	3.0366885146247854e-07	2.0455471244347512e-07	0	2.08772335380454e-07	1.0544057342447171e-07	0	0	1.0860379062720586e-07	0	2.214252041913906e-07	0	0.0	0	0	0	0	1.1809344223540831e-07	0	0	0	0	0	0	0	0	0	0	0	0	0	0	0	0	0	0	0	0	0	0	0	0	0	0	0	0	0	0	0	0	0	0	0	0	0	0	0	0	0	0	0	0	0	0	0	0	0	0	0	0	0	0	0	0	0	0	0	0	0	0	0	0	0	0	0	0	0	0	0	0	0	0	0	0	0	0	0	0	0	0	0	0	0	0	0	0	0
SC001_B1_1_H_1	duplex	False	0.05478019955725054	0.04325880564046642	0.033688759323094515	0.024294369528428762	0.0177976736888278	0.013499865879386787	0.010641396771703013	0.008696557017852855	0.007331186788994498	0.006389948473191218	0.00569891851511033	0.005184316750617699	0.0047845319756842026	0.004463810545053794	0.004188414902413263	0.003913324767698752	0.003698002254701168	0.003471310106215361	0.003243398559714487	0.0030325348822234023	0.002811887050032585	0.002590027720893753	0.0023977341846645292	0.002193304609443013	0.0020105252747892356	0.0018172822936692306	0.0016535471643004506	0.0015047687548616253	0.0013504595984862083	0.0012204778275647424	0.0010899930220409483	0.000981333597404552	0.000890150016243277	0.0007848656640827105	0.0007019900549269013	0.0006231571584128389	0.0005578324528691474	0.000490442935135795	0.00043961537078851727	0.000382991056913888	0.0003432184022172501	0.000300485481065027	0.00026126458421753956	0.00023054786920731623	0.00021338806841428613	0.00018354178762432165	0.0001596805651264546	0.00013754177524598327	0.00011827502323901347	0.0001069277741074395	9.019463093523218e-05	7.861034979209001e-05	7.042089379240815e-05	6.314532788177264e-05	5.120549872127814e-05	4.7343193777224935e-05	3.6479226580348384e-05	3.360587186233813e-05	2.99121230154001e-05	2.5204403896753595e-05	1.968024118270546e-05	1.804340345837606e-05	1.468413311665096e-05	1.4242990206232336e-05	1.052817184715491e-05	1.0603231984151513e-05	7.764115223367774e-06	6.178634434878154e-06	5.9060476215747065e-06	4.793314011712805e-06	5.235773766640141e-06	2.8443841388185876e-06	3.1722784214879525e-06	2.1438228601836393e-06	2.3703201156821565e-06	2.0016036532427097e-06	1.013970271708478e-06	1.3352803318342814e-06	1.248368594259269e-06	6.320853641819084e-07	4.2665762082278814e-07	1.0798124971440936e-06	6.557885653387299e-07	3.318448161955019e-07	3.357953497216388e-07	1.1324862774925858e-07	1.145654722579709e-07	2.317646335333664e-07	1.1719916127539551e-07	1.1851600578410781e-07	0.0	0.0	1.2246653931024475e-07	0.0	0	1.2641707283638168e-07	0.0	0.0	0.0	0.0	1.3300129537994322e-07	0	1.3563498439736783e-07	0.0	0	0	0.0	0	0	0.0	0	0	0	0	0	0	0	0	0	0	0	0	0	0	0	0	0	0	0	0	0	0	0	0	0	0	0	0	0	0	0	0	0	0	0	0	0	0	0	0	0	0	0	0	0	0	0	0	0	0	0	0	0	0	0	0	0	0	0	0	0	0	0	0	0	0	0	0	0	0	0	0	0	0	0	0	0	0	0	0	0	0	0	0	0	0	0	0	0	0	0
SC001_B1_1_H_1	duplex	True	0.0	0.014132994184419595	0.018748781754223877	0.021758279758611866	0.02370358304172909	0.025054291523827446	0.026014725482034224	0.026719712675062957	0.027350436422022856	0.027813230889853727	0.028160359003417342	0.02833821992383108	0.02837984274506246	0.028131849319803722	0.02773564899562294	0.027096425017359302	0.026276411456494553	0.025264815455435283	0.024138464356508786	0.022856628159060595	0.021512282669628336	0.020097441226266676	0.0186416669881962	0.01724155050013096	0.01591610699677676	0.014528671721330419	0.013237052686027002	0.012013335420970828	0.010839879477123185	0.0097817580427266	0.008797955361868212	0.007938739339979097	0.0070694876460890834	0.006332876432183627	0.00562283387308595	0.004990661597166467	0.004454035608265622	0.00394931412812186	0.0034981776847266186	0.0031154434124919294	0.002734895102141703	0.002398297794114258	0.002115880736553273	0.001882913823983452	0.0016441132902400358	0.0014289000753366743	0.0012556586454595003	0.0010833311056713728	0.0009484585742445494	0.0008440314878591545	0.0007351903386805561	0.0006333337327761677	0.0005416616023021602	0.00046768786202524627	0.0003933480389749103	0.00035352534418694136	0.00029491127825964777	0.00025296056274559973	0.00022274819918221322	0.00018994165193666346	0.00016169928775831057	0.0001374074571060946	0.00011747306493320767	0.00010408338996862091	7.943206076552649e-05	7.317968303816044e-05	5.955429290651418e-05	5.578680076708826e-05	4.216009379093329e-05	3.512024304735728e-05	2.982521127782509e-05	2.559945724936729e-05	2.1821430353871676e-05	1.9489298728942176e-05	1.5308317413780593e-05	1.311050392873975e-05	1.0545290825768171e-05	8.319823606044368e-06	7.178119416990797e-06	7.1636341273949614e-06	5.866542286313337e-06	4.103287489147555e-06	4.153327580478623e-06	3.097218284491351e-06	3.1340899307352956e-06	1.925226671737396e-06	1.4893511393536216e-06	1.2747054844335153e-06	1.171991612753955e-06	8.296120404887548e-07	9.58662802342561e-07	4.845987792061297e-07	2.449330786204895e-07	4.951335352758283e-07	0	3.7925121850914503e-07	1.27733917345094e-07	1.290507618538063e-07	2.607352127250372e-07	1.316844508712309e-07	1.3300129537994322e-07	0	0.0	1.3695182890608015e-07	0	0	1.4090236243221708e-07	0	0	1.44852895958354e-07	0	0	0	0	0	0	0	0	0	0	0	0	0	0	0	0	0	0	0	0	0	0	0	0	0	0	0	0	0	0	0	0	0	0	0	0	0	0	0	0	0	0	0	0	0	0	0	0	0	0	0	0	0	0	0	0	0	0	0	0	0	0	0	0	0	0	0	0	0	0	0	0	0	0	0	0	0	0	0	0	0	0	0	0	0	0	0	0	0	0	0
SC001_B1_1_H_1	allm	False	0.044286377599105385	0.0389143828522615	0.029025340170565603	0.01989168427178038	0.013941301129286345	0.01026797390698943	0.007988758361798024	0.006563669234469564	0.005615608347266645	0.004994949242886834	0.004562793796240172	0.004253776479603198	0.004002588389566325	0.0038022225964986947	0.003615785067799715	0.003419350055590591	0.0032679155707776926	0.003099240957656733	0.0029119079746918286	0.002744303956156452	0.0025627822080084954	0.002368866319344538	0.002202774038305163	0.0020219146629450887	0.001857606706215019	0.0016859112517910732	0.00153945180553209	0.0014018968618410197	0.0012624351273013339	0.001141704189053572	0.0010249224674874382	0.0009238981073125561	0.0008381767971734196	0.0007402720416396769	0.0006641044384112482	0.0005885504847238794	0.0005307423276359178	0.00046457220791763294	0.00041629932191725714	0.00036529266671679454	0.0003271291960098031	0.00028511000458130207	0.00024807111908475095	0.0002207558134405315	0.00020515120601229063	0.0001757276323096228	0.00015367707101123518	0.00013160017282267333	0.0001129839420030074	0.00010284555613043135	8.542633696918491e-05	7.566588547060929e-05	6.839690378251733e-05	6.0869820570717775e-05	4.953969041775707e-05	4.608955780493082e-05	3.505308397741296e-05	3.2383840158253106e-05	2.9057490929245813e-05	2.4335286521003473e-05	1.8635983487296597e-05	1.747189294159492e-05	1.4103404688308831e-05	1.3905878012001984e-05	9.84341270262451e-06	9.907938083551414e-06	7.411200895032876e-06	5.999543581693281e-06	5.724323079372407e-06	4.608955780493082e-06	5.048781846402993e-06	2.8443841388185876e-06	2.9800191232159556e-06	2.1438228601836393e-06	2.3703201156821565e-06	2.0016036532427097e-06	1.013970271708478e-06	1.2325664601547213e-06	1.248368594259269e-06	4.213902427879389e-07	4.2665762082278814e-07	1.0798124971440936e-06	6.557885653387299e-07	3.318448161955019e-07	2.2386356648109254e-07	1.1324862774925858e-07	1.145654722579709e-07	2.317646335333664e-07	1.1719916127539551e-07	1.1851600578410781e-07	0.0	0.0	1.2246653931024475e-07	0.0	0	1.2641707283638168e-07	0.0	0.0	0.0	0.0	1.3300129537994322e-07	0	1.3563498439736783e-07	0.0	0	0	0.0	0	0	0.0	0	0	0	0	0	0	0	0	0	0	0	0	0	0	0	0	0	0	0	0	0	0	0	0	0	0	0	0	0	0	0	0	0	0	0	0	0	0	0	0	0	0	0	0	0	0	0	0	0	0	0	0	0	0	0	0	0	0	0	0	0	0	0	0	0	0	0	0	0	0	0	0	0	0	0	0	0	0	0	0	0	0	0	0	0	0	0	0	0	0	0
SC001_B1_1_H_1	allm	True	0.01049382195814515	0.018477416972624516	0.023412200906752792	0.026160965015260253	0.027559955601270544	0.028286183496224804	0.02866736389193921	0.02885260045844625	0.029066014863750708	0.02920823012015811	0.029296483722287502	0.029268760194845582	0.029161786331180335	0.02879343726835882	0.02830827883023649	0.027590399729467464	0.026706498140418027	0.02563688460399391	0.024469954941531445	0.023144859085127544	0.02176138751165243	0.02031860262781589	0.018836627134555566	0.017412940446628885	0.016069025565350975	0.014660042763208576	0.013351148044795364	0.012116207313991434	0.01092790394830806	0.00986053168123777	0.008863025916421723	0.007996174830071092	0.0071214608651589415	0.0063774700546266605	0.005660719489601603	0.005025268270855426	0.004481125733498852	0.0039751848553400216	0.0035214937335978787	0.0031331418026890228	0.0027509843083491498	0.002413673270597983	0.0021290742016860614	0.0018927058797502368	0.0016523501526420313	0.0014367142306513732	0.0012616621395747198	0.0010892727080946828	0.0009537496554805554	0.0008481137058361627	0.0007399586326466033	0.0006362781970976484	0.0005436855923120511	0.0004699633693363011	0.0003950138472784314	0.0003547789801592355	0.0002963374208625832	0.0002541825944496848	0.0002236028312683675	0.0001908107693124136	0.00016274354545371943	0.00013797896762287576	0.0001180537933615498	0.00010442050216285127	8.011681991005688e-05	7.387497693876054e-05	5.990720723484908e-05	5.5965891620273135e-05	4.234181833313559e-05	3.530460127857701e-05	3.0012203198062238e-05	2.559945724936729e-05	2.2013689652143672e-05	1.9489298728942176e-05	1.5308317413780593e-05	1.311050392873975e-05	1.0545290825768171e-05	8.422537477723928e-06	7.178119416990797e-06	7.374329248788931e-06	5.866542286313337e-06	4.103287489147555e-06	4.153327580478623e-06	3.097218284491351e-06	3.246021713975842e-06	1.925226671737396e-06	1.4893511393536216e-06	1.2747054844335153e-06	1.171991612753955e-06	8.296120404887548e-07	9.58662802342561e-07	4.845987792061297e-07	2.449330786204895e-07	4.951335352758283e-07	0	3.7925121850914503e-07	1.27733917345094e-07	1.290507618538063e-07	2.607352127250372e-07	1.316844508712309e-07	1.3300129537994322e-07	0	0.0	1.3695182890608015e-07	0	0	1.4090236243221708e-07	0	0	1.44852895958354e-07	0	0	0	0	0	0	0	0	0	0	0	0	0	0	0	0	0	0	0	0	0	0	0	0	0	0	0	0	0	0	0	0	0	0	0	0	0	0	0	0	0	0	0	0	0	0	0	0	0	0	0	0	0	0	0	0	0	0	0	0	0	0	0	0	0	0	0	0	0	0	0	0	0	0	0	0	0	0	0	0	0	0	0	0	0	0	0	0	0	0	0
SC002_B1_1_H_2	duplex	False	0.05280139790350178	0.039124967451352535	0.032760917048269805	0.028397073469714026	0.025883739562496833	0.024589084858166962	0.023955461598029616	0.02381548286183455	0.023719782841448354	0.023557625690781833	0.023203247358836332	0.02261423241382953	0.02166160082987851	0.020417984485249337	0.018955542769007072	0.017349437662881245	0.015631859398888837	0.013941811251648641	0.012160361211592703	0.010562000736926928	0.009057835175918332	0.007717691954801203	0.006471097785086652	0.00540055156750855	0.004470738544688413	0.0036744684978980164	0.0029735612513785803	0.0024150599638045455	0.001960296728628996	0.0015614434454403316	0.001214533491188165	0.0009606467535826174	0.000764266524215745	0.000597500698641013	0.00047717598904911776	0.00037091926437752393	0.0002847185631696371	0.00021885775998573966	0.0001701532683142087	0.00013336388738097198	0.0001036561288676649	7.881805744215444e-05	6.209803636136287e-05	4.476454139861883e-05	3.506517638923985e-05	2.3662564018166743e-05	1.907294109387015e-05	1.4631923644083785e-05	1.0549083491834884e-05	7.811313403742645e-06	4.663925661551707e-06	4.260023602626477e-06	3.332191986133143e-06	3.3950635330413154e-06	1.5717886727043127e-06	1.2802933188573311e-06	1.0859630829593433e-06	8.840120534967286e-07	2.2481341015649563e-07	4.5724761387761827e-07	6.973026111633678e-07	1.1812230025171806e-07	4.801099945714992e-07	1.2193269703403153e-07	1.2383789542518827e-07	1.2574309381634503e-07	0.0	1.295534905986585e-07	0	1.3336388738097198e-07	0	0	0.0	0	0	0	0	0	0	0	0	0	0	0	0	0	0	0	0	0	0	0	0	0	0	0	0	0	0	0	0	0	0	0	0	0	0	0	0	0	0	0	0	0	0	0	0	0	0	0	0	0	0	0	0	0	0	0	0	0	0	0	0	0	0	0	0	0	0	0	0	0	0	0	0	0	0	0	0	0	0	0	0	0	0	0	0	0	0	0	0	0	0	0	0	0	0	0	0	0	0	0	0	0	0	0	0	0	0	0	0	0	0	0	0	0	0	0	0	0	0	0	0	0	0	0	0	0	0	0	0
SC002_B1_1_H_2	duplex	True	0.0	0.010250851356476774	0.013901447718533595	0.016823160900895237	0.019381259349511046	0.02165312079183947	0.023685719799412863	0.025406841732412824	0.02675992506100269	0.02759405521022215	0.027983308198717777	0.027662543281987455	0.026920005545422853	0.025627524672457293	0.023991296474568886	0.022112586056644394	0.020015852355629492	0.017837046518320337	0.015752473698636187	0.013655852404326362	0.011699440375216934	0.009950386328604226	0.008393330555058727	0.007007594031242827	0.005794041717226107	0.004753889129582128	0.003885495892496102	0.003152455569911416	0.0025482752457110075	0.002015033078406929	0.0015947691756984454	0.0012591379959219268	0.0010034927602013415	0.0007931264694449873	0.0006278771817896161	0.0004813445631289687	0.00038622753345046837	0.000286115073590355	0.00022387414734965536	0.0001716202710753994	0.00012630893773851856	9.770238389530008e-05	7.717196603219502e-05	5.8177138072362295e-05	4.552471555669037e-05	3.2689393995467394e-05	2.3818790286241597e-05	2.0118895010615204e-05	1.3163015684501936e-05	9.144952277552365e-06	8.647695497460456e-06	5.746078347728736e-06	4.846824707102753e-06	4.218109238021029e-06	2.619647787840521e-06	1.1736022089525536e-06	9.77366774663409e-07	9.945135601838197e-07	5.620335253912392e-07	5.715595173470228e-07	5.810855093028065e-07	2.362446005034361e-07	1.200274986428748e-07	0.0	1.2383789542518827e-07	1.2574309381634503e-07	1.2764829220750177e-07	1.295534905986585e-07	0	1.3336388738097198e-07	0	0	1.3907948255444222e-07	0	0	0	0	0	0	0	0	0	0	0	0	0	0	0	0	0	0	0	0	0	0	0	0	0	0	0	0	0	0	0	0	0	0	0	0	0	0	0	0	0	0	0	0	0	0	0	0	0	0	0	0	0	0	0	0	0	0	0	0	0	0	0	0	0	0	0	0	0	0	0	0	0	0	0	0	0	0	0	0	0	0	0	0	0	0	0	0	0	0	0	0	0	0	0	0	0	0	0	0	0	0	0	0	0	0	0	0	0	0	0	0	0	0	0	0	0	0	0	0	0	0	0	0	0	0	0	0
SC002_B1_1_H_2	allm	False	0.04495807526158931	0.03592529344451469	0.02940012422388862	0.025300036310604578	0.023200734402158394	0.02231160308058463	0.022045063920463407	0.02220812032477056	0.022351469356919583	0.02237348773472618	0.02216775298125873	0.021700514507017887	0.02085457403297164	0.019715903636520947	0.01834234514082132	0.016815555348917738	0.015164398016436226	0.013540027773334379	0.011818065647843918	0.010278431008387158	0.008818180270294726	0.007521239327895467	0.006299938572021913	0.0052636059071522025	0.004366381302812802	0.003585949170248092	0.0029042710910906007	0.002359633932209014	0.0019153778661606933	0.0015262353791717551	0.0011880740959317802	0.0009385769354194577	0.0007472283350036303	0.0005846101263264465	0.0004667069238897115	0.00036378620160103307	0.00027752834444141157	0.00021371753472639878	0.00016755267251027973	0.00013001073821253611	0.00010209386618691637	7.697763579629703e-05	6.111495399152599e-05	4.342328173124448e-05	3.420783711321932e-05	2.3136729262207483e-05	1.8714763796332684e-05	1.4357575075757213e-05	1.0269019328334844e-05	7.811313403742645e-06	4.372430307704724e-06	4.160953286286327e-06	3.1302409566705283e-06	3.3950635330413154e-06	1.5717886727043127e-06	1.2802933188573311e-06	9.77366774663409e-07	8.840120534967286e-07	2.2481341015649563e-07	4.5724761387761827e-07	6.973026111633678e-07	1.1812230025171806e-07	4.801099945714992e-07	1.2193269703403153e-07	1.2383789542518827e-07	1.2574309381634503e-07	0.0	1.295534905986585e-07	0	1.3336388738097198e-07	0	0	0.0	0	0	0	0	0	0	0	0	0	0	0	0	0	0	0	0	0	0	0	0	0	0	0	0	0	0	0	0	0	0	0	0	0	0	0	0	0	0	0	0	0	0	0	0	0	0	0	0	0	0	0	0	0	0	0	0	0	0	0	0	0	0	0	0	0	0	0	0	0	0	0	0	0	0	0	0	0	0	0	0	0	0	0	0	0	0	0	0	0	0	0	0	0	0	0	0	0	0	0	0	0	0	0	0	0	0	0	0	0	0	0	0	0	0	0	0	0	0	0	0	0	0	0	0	0	0	0	0
SC002_B1_1_H_2	allm	True	0.00784332264191247	0.013450525363314618	0.017262240542914784	0.019920198060004685	0.022064264509849486	0.023930602569421804	0.025596117476979072	0.027014204269476816	0.028128238545531464	0.028778193166277805	0.02901880257629538	0.0285762611887991	0.02772703234232972	0.02632960552118568	0.02460449410275464	0.0226464683706079	0.020483313738082102	0.0182388299966346	0.016094769262384973	0.013939422132866131	0.011939095280840542	0.010146838955509961	0.008564489768123467	0.007144539691599173	0.005898398959101717	0.004842408457232052	0.003954786052784082	0.003207881601506948	0.0025931941081793097	0.0020502411446755055	0.0016212285709548302	0.0012812078140850864	0.0010205309494134562	0.000806017041759554	0.0006383462469490225	0.0004884776259054596	0.0003934177521786939	0.0002912552988496959	0.00022647474315358433	0.00017497342024383526	0.00012787120041926712	9.954280554115749e-05	7.815504840203191e-05	5.951839773973664e-05	4.63820548327109e-05	3.3215228751426655e-05	2.4176967583779067e-05	2.0393243578941775e-05	1.3443079848001978e-05	9.144952277552365e-06	8.939190851307436e-06	5.845148664068887e-06	5.048775736565368e-06	4.218109238021029e-06	2.619647787840521e-06	1.1736022089525536e-06	1.0859630829593433e-06	9.945135601838197e-07	5.620335253912392e-07	5.715595173470228e-07	5.810855093028065e-07	2.362446005034361e-07	1.200274986428748e-07	0.0	1.2383789542518827e-07	1.2574309381634503e-07	1.2764829220750177e-07	1.295534905986585e-07	0	1.3336388738097198e-07	0	0	1.3907948255444222e-07	0	0	0	0	0	0	0	0	0	0	0	0	0	0	0	0	0	0	0	0	0	0	0	0	0	0	0	0	0	0	0	0	0	0	0	0	0	0	0	0	0	0	0	0	0	0	0	0	0	0	0	0	0	0	0	0	0	0	0	0	0	0	0	0	0	0	0	0	0	0	0	0	0	0	0	0	0	0	0	0	0	0	0	0	0	0	0	0	0	0	0	0	0	0	0	0	0	0	0	0	0	0	0	0	0	0	0	0	0	0	0	0	0	0	0	0	0	0	0	0	0	0	0	0	0	0	0	0
