SAMPLE_ID	SUBJECT_ID	AGE	SEX	BMI	SMOKING_STATUS	HISTORY_OF_SMOKING	CURRENT_SMOKER	ALCOHOL_GROUP	HISTORY_OF_DRINKING	CURRENT_DRINKER	CANCER_HISTORY	CANCER_TYPE_SIMPLE	CHEMOTHERAPY_HISTORY_SIMPLE	TYPE_CHEMOTHERAPY_MANUAL	BLADDER_FINDINGS	HISTORY_URINARY_INFECTIONS	CAUSE_DEATH	ANCESTRY_ETHNICITY	CURRENT_RESIDENCY_AREA	BLADDER_LOCATION	is_dome	is_male	history_smoking	current_smoker	smoking_status	had_cancer	had_prior_chemotherapy	is_above_reproductive_age	history_drinking	current_drinker	history_urinary_infections	is_white_ancestry	urban_residency	age_decades	bmi_scaled	BMI_group	AGE_group	Sequencer	DIN	postmortem_days	days2DNA_extraction	is_NovaSeqXPlus	SAMPLE_TYPE	TYPE_CHEMOTHERAPY	KMT2D_depth	ARID1A_depth	KDM6A_depth	RBM10_depth	EP300_depth	STAG2_depth	CREBBP_depth	NOTCH2_depth	FOXQ1_depth	CDKN1A_depth	KMT2C_depth	TP53_depth	RB1_depth	FGFR3_depth	PIK3CA_depth	TERTpromoter_depth	total_depth
P19_0047_BDO_01	P19_0047	46	M	29.9	former	yes	no	former	yes	no	no	no	no		normal	no	heart_disease	white	countryside	dome	1	1	1	0	1	0	0	0	1	0	0	1	0	4.6	0.341040462427745	BMI_below30	AGE_below50	NovaSeq 6000	3.5	5	186	0	bladder_brush		8078.69881471542	10281.0699741435	3356.59300039324	4656.95242343146	8862.01738586617	4064.95001101079	6612.47100459456	6866.8090229726	4604.71636363636	12537.8722222222	8061.17483913912	10219.1114225648	7411.27584187409	10154.7275179856	8533.76388888889	1217.22598870057	7219.96435763371
P19_0009_BTR_01	P19_0009	56	F	32.8	current	yes	yes	heavy	yes	yes	yes	DLBCL	yes	cyclophosphamide,doxorubicin,vincristine,gemcitabine	normal	yes	cancer	white	urban	trigone	0	0	1	1	2	1	1	1	1	1	1	1	1	5.6	0.42485549132948	BMI_above30	AGE_above50	NovaSeq 6000	3.8	9	76	0	bladder_brush		9446.06373700101	7623.20555914674	4268.50471883602	9561.49479631282	5144.89018136335	2753.40277471923	5728.87557432013	3582.33628563521	20081.66	22902.6296296296	3906.23208342578	9616.33356692362	3643.05475841874	19295.2715827338	2809.62847222222	2877.77966101695	8327.58521135658
P19_0008_BDO_01	P19_0008	72	M	28.3	former	yes	no	occasional	yes	yes	yes	MM	yes	lenalidomide,cyclophosphamide,radiation	normal	no	cancer	white	countryside	dome	1	1	1	0	1	1	1	1	1	1	0	1	0	7.2	0.294797687861272	BMI_below30	AGE_above50	NovaSeq X Plus	3.8	2	89	1	bladder_brush		5108.35446718104	6593.08096315449	2570.61718442784	3207.59203092477	5366.98961851157	2981.63642369522	4374.33950080715	5380.27608635483	2035.88636363636	4938.66851851852	6636.92811182605	5494.57813594954	4971.83162518302	2959.35971223022	5894.11805555556	1441.33333333333	4372.22438320559
P19_0001_BTR_01	P19_0001	24	M	30.1	never	no	no	no	no	no	no	no	no		normal	no	heart_disease	white	countryside	trigone	0	1	0	0	0	0	0	0	0	0	0	1	0	2.4	0.346820809248555	BMI_above30	AGE_below50	NovaSeq 6000	4	3	121	0	bladder_brush		6232.02409705915	7801.23674854557	3001.6767597326	3686.08623253048	6237.79337085679	3343.51200176173	4924.04420712778	6541.57749792416	2180.12454545455	7210.48333333333	7638.13578877302	6367.46671338472	5440.1505124451	3755.01888489209	6841.70833333333	490.768361581921	5105.73796179602
P19_0041_BDO_01	P19_0041	59	F	52.7	never	no	no				no	no	no		normal	no	heart_disease	white	countryside	dome	1	0	0	0	0	0	0	1			0	1	0	5.9	1	BMI_above30	AGE_above50	NovaSeq 6000	5.9	3	159	0	bladder_brush		4305.18819188192	4721.00242404654	4573.62092017302	5608.28426999703	4665.97310819262	5312.85663950672	4391.77362473612	4657.11140326598	2385.02181818182	5453.88518518519	5192.52429554027	4991.05676243868	5017.4626647145	4003.27967625899	5407.92708333333	1000.29943502825	4480.45421890506
P19_0029_BTR_01	P19_0029	82	F	32.3	former	yes	no	no	no	no	no	no	no		normal	no	autoimmune_disease	asian	urban	trigone	0	0	1	0	1	0	0	1	0	0	0	0	1	8.2	0.410404624277456	BMI_above30	AGE_above50	NovaSeq 6000	6	7	35	0	bladder_brush		7038.5042491334	5827.44618616677	3818.12465591821	7049.27118644068	4695.87304565353	3815.97643690817	4430.05352042717	4245.98104068641	4800.23727272727	6503.10555555556	4659.07765697803	6600.41765942537	3679.24450951684	7669.875	4025.82638888889	993.209039548023	4990.7639627484
P19_0007_BDO_01	P19_0007	67	M	22.7	former	yes	no	no	no	no	no	no	no	cyclophosphamide,radiation	normal	no	lung_disease	white	countryside	dome	1	1	1	0	1	0	0	1	0	0	0	1	0	6.7	0.132947976878613	BMI_below30	AGE_above50	NovaSeq X Plus	2.4	4	108	1	bladder_brush		3339.43167840769	5176.55122818358	1776.03853716083	2308.3131132917	3724.87166979362	2041.96058136974	2645.41835340867	3524.09507334625	1424.34727272727	2875.95555555556	4912.07965387176	3614.86334968465	3176.41639824304	1659.99460431655	4185.41666666667	646.932203389831	2939.54287121359
P19_0008_BTR_01	P19_0008	72	M	28.3	former	yes	no	occasional	yes	yes	yes	MM	yes	lenalidomide,cyclophosphamide,radiation	normal	no	cancer	white	countryside	trigone	0	1	1	0	1	1	1	1	1	1	0	1	0	7.2	0.294797687861272	BMI_below30	AGE_above50	NovaSeq X Plus	2.1	2	89	1	bladder_brush		9627.5611651571	10117.6152230123	3162.15591820684	6904.68153434434	7075.64327704816	2909.4827130588	7249.94995653794	6245.9047882646	5319.01	14764.3	7127.4537386288	11086.6152768045	4788.1270863836	11669.9217625899	4466.97916666667	5035.68926553672	7346.94317951502
P19_0014_BDO_01	P19_0014	60	M	28.8	never	no	no	heavy	yes	yes	yes	CRC	no		normal	no	cancer	white	urban	dome	1	1	0	0	0	1	0	1	1	1	0	1	1	6	0.309248554913295	BMI_below30	AGE_above50	NovaSeq 6000	3.6	6	48	0	bladder_brush		6990.25416526893	8474.93729799612	3263.54758159654	4108.33006244425	6759.97360850532	3731.18938559789	5206.65044082951	7004.98685303072	2845.95090909091	7422.06851851852	8386.18082982028	6950.99299229152	6295.48579795022	4099.81025179856	7997.11458333333	676.378531073446	5638.36573807163
P19_0005_BDO_01	P19_0005	72	F	28.9	never	no	no				no	no	no		normal	no	heart_disease	white	urban	dome	1	0	0	0	0	0	0	1			0	1	1	7.2	0.312138728323699	BMI_below30	AGE_above50	NovaSeq 6000	4.09999999999999	3	112	0	bladder_brush		6301.99435312535	7301.04734970911	6592.49665749115	6308.96164139161	6372.07967479675	7136.01101079057	5146.1097727555	6813.71339606975	2500.63909090909	7504.33518518519	7851.87597071223	6183.38682550806	6581.58067349927	3923.33183453237	7545.84722222222	624.237288135593	5917.97799667711
P19_0018_BTR_01	P19_0018	87	M	21	former	yes	no	no	no	no	yes	metastatic_LC_and_meningiomas			normal	no	cancer	white	urban	trigone	0	1	1	0	1	1		1	0	0	0	1	1	8.7	0.083815028901734	BMI_below30	AGE_above50	NovaSeq X Plus	2.6	4	40	1	bladder_brush		6336.17974952477	7646.09809308339	2772.56724341329	3947.38269402319	6437.63176985616	3242.59326139617	5330.47944865268	6652.84334348187	1688.90818181818	5443.0462962963	7579.26114932328	6908.40995094604	5440.53557833089	3569.08273381295	6926.80902777778	1599.36723163842	5095.07473458596
P19_0027_BTR_01	P19_0027	35	M	37	never	no	no	heavy	yes	yes	no	no	no		normal	no	heart_disease	hispanic 	countryside	trigone	0	1	0	0	0	0	0	0	1	1	0		0	3.5	0.546242774566474	BMI_above30	AGE_below50	NovaSeq X Plus	2.9	5	39	1	bladder_brush		7009.25131387678	9269.31544925663	3510.63468344475	4388.651798989	7432.74759224515	4040.03809733539	5465.03601142431	7125.17118737891	2780.91090909091	5874.00185185185	9210.13845129798	7649.49614576034	6527.54172767204	3212.11151079137	8643.62847222222	1486.93785310734	5851.60081598406
P19_0029_BDO_01	P19_0029	82	F	32.3	former	yes	no	no	no	no	no	no	no		normal	no	autoimmune_disease	asian	urban	dome	1	0	1	0	1	0	0	1	0	0	0	0	1	8.2	0.410404624277456	BMI_above30	AGE_above50	NovaSeq 6000	5.7	7	35	0	bladder_brush		4465.88493794029	5124.84195216548	4312.49960676367	4841.41748438894	4354.5703564728	4621.65536225501	3459.83943871849	4544.24356490451	1448.07272727273	5249.55	5326.03527845574	4127.90049053959	4188.27437774524	2784.62589928058	5035.46527777778	340.909604519774	4014.11164745004
P19_0045_BTR_01	P19_0045	81	M	19.7	former	yes	no	moderate	yes	yes	yes	ESCC	yes	radiotherapy	normal	no	lung_disease	white	countryside	trigone	0	1	1	0	1	1	1	1	1	1	0	1	0	8.1	0.0462427745664739	BMI_below30	AGE_above50	NovaSeq 6000	7.6	4	75	0	bladder_brush		2760.32142457788	2629.61748545572	1146.73259929217	1506.07195955992	3171.72545340838	1449.87447698745	2924.59567862908	2860.23567672294	1663.92727272727	3091.92407407407	3035.26824938984	3093.98598458304	3365.24450951684	2656.6690647482	3752.33680555556	1032.18644067797	2508.79482224415
P19_0007_BTR_01	P19_0007	67	M	22.7	former	yes	no	no	no	no	no	no	no	cyclophosphamide,radiation	normal	no	lung_disease	white	countryside	trigone	0	1	1	0	1	0	0	1	0	0	0	1	0	6.7	0.132947976878613	BMI_below30	AGE_above50	NovaSeq 6000	5.5	4	108	0	bladder_brush		6157.59409594096	6922.40271493213	1886.53499803382	4395.42075527803	5063.8306441526	2311.9674080599	4619.90177573575	4472.95806808746	3004.60545454545	4551.29814814815	6139.92012425116	6555.82690960056	3965.06178623719	5519.11960431655	4985.87152777778	2621.9209039548	4573.38968244077
P19_0030_BTR_01	P19_0030	51	F	24.5	former	yes	no	former	yes	no	no	no	no		normal	no	liver_failure	white	countryside	trigone	0	0	1	0	1	0	0	1	1	0	0	1	0	5.1	0.184971098265896	BMI_below30	AGE_above50	NovaSeq X Plus	5.4	1	34	1	bladder_brush		5959.02432069775	7950.74838396897	5619.20212347621	7336.19090098127	6023.87267041901	6448.21911473244	4387.05674903763	5879.16233047329	1954.95818181818	5193.6	7599.3288218327	5985.85844428872	5268.26969253294	2620.68165467626	7048.02777777778	824.627118644068	5381.17676783483
P19_0026_BDO_01	P19_0026	57	M	20.8	current	yes	yes	no	no	no	no	no	no		normal	no	heart_disease	white	countryside	dome	1	1	1	1	2	0	0	1	0	0	0	1	0	5.7	0.0780346820809248	BMI_below30	AGE_above50	NovaSeq 6000	6.7	7	41	0	bladder_brush		7904.0345521637	8329.8547188106	3316.9775855289	3999.07374368124	6521.71181988743	3708.78088526756	5222.01713647088	6474.77719346803	3640.81818181818	10616.6925925926	7522.14222320834	7447.68044849334	6628.01112737921	5330.23471223022	6794.96875	895.401129943503	5897.07355005898
P19_0019_BTR_01	P19_0019	59	F	21.3	never	no	no				yes	CNS_and_DLBCL	no		normal	no	cancer	white	countryside	trigone	0	0	0	0	0	1	0	1			0	1	0	5.9	0.0924855491329479	BMI_below30	AGE_above50	NovaSeq 6000	1.7	4	24	0	bladder_brush		4557.58045398636	4737.35843568197	4372.93216673221	4884.19327980969	4631.3483427142	5365.24730235631	4107.30535204272	4891.48726819817	1640.35454545455	4393.14444444444	5193.78744175727	4753.32375613175	4972.85856515373	3362.30575539568	5728.54861111111	799.197740112994	4274.4358413177
P19_0036_BTR_01	P19_0036	23	M	30	current	yes	yes	no	no	no	no	no	no		normal	no	lung_disease	white	urban	trigone	0	1	1	1	2	0	0	0	0	0	0	1	1	2.3	0.34393063583815	BMI_above30	AGE_below50	NovaSeq X Plus	4.8	7	159	1	bladder_brush		1473.94940176675	1391.02666451196	633.703303185214	876.873624739816	1277.28242651657	443.645452543493	1357.89382838694	1267.99031275948	2251.83818181818	2815.07222222222	1056.64921233637	1399.58934828311	1101.55666178624	1676.71402877698	1068.08680555556	1351.01129943503	1340.18017341399
P19_0005_BTR_01	P19_0005	72	F	28.9	never	no	no				no	no	no		normal	no	heart_disease	white	urban	trigone	0	0	0	0	0	0	0	1			0	1	1	7.2	0.312138728323699	BMI_below30	AGE_above50	NovaSeq 6000	4.3	3	112	0	bladder_brush		5561.56295426591	6499.24951519069	5936.30495477782	5994.38001784121	5663.292808005	6548.54745650738	4512.88091394511	6139.18198173263	2212.58272727273	6274.77037037037	7046.98469048147	5543.03854239664	5803.19150805271	3423.96672661871	6901.10069444444	473.887005649718	5283.43267922203
P19_0015_BTR_01	P19_0015	69	M	25.2	former	yes	no	former	yes	no	no	no	no		normal	no	heart_disease		urban	trigone	0	1	1	0	1	0	0	1	1	0	0		1	6.9	0.205202312138728	BMI_below30	AGE_above50	NovaSeq 6000	1.7	3	47	0	bladder_brush		5704.36564911104	5954.12702003878	2395.98741643728	3616.40440083259	5273.73896185116	2746.93569698304	5283.30982242643	5399.12953224467	2856.84363636364	8421.8537037037	5931.06767250943	6233.98598458304	4800.70922401171	7578.35971223022	5705.85069444444	1144.70056497175	4940.46060579643
P19_0013_BTR_01	P19_0013	73	F	33.2	never	no	no	no	no	no	yes	DLBCL	yes	cyclophosphamide,doxorubicin,vincristine,gemcitabine	normal	no	cancer	white	countryside	trigone	0	0	0	0	0	1	1	1	0	0	0	1	0	7.3	0.436416184971098	BMI_above30	AGE_above50	NovaSeq 6000	5.09999999999999	1	52	0	bladder_brush		3816.62937493011	4448.44602456367	3553.92941407786	3957.59738328873	3883.22176360225	4246.19202818762	3010.72693406184	3721.39869914199	1620.31363636364	4136.35	4643.56556467717	3830.85564120533	4031.23513909224	2247.93705035971	4765.69791666667	353.28813559322	3516.71154411325
P19_0048_BTR_01	P19_0048	65	M	31.7	former	yes	no	no	no	no	yes	DLBCL	yes	cyclophosphamide,doxorubicin,vincristine,gemcitabine,cisplatin,radiotherapy,carmustine,etoposide,cytarabine,melphalan	normal	no	cancer	white	countryside	trigone	0	1	1	0	1	1	1	1	0	0	0	1	0	6.5	0.393063583815029	BMI_above30	AGE_above50	NovaSeq X Plus	3	2	177	1	bladder_brush		3636.19562786537	4408.27747252747	1888.58434919387	2144.28991971454	3943.19049405879	2154.01959920722	3420.12690922638	3984.62911707722	1715.37909090909	4776.14259259259	4368.32482804526	4192.39523475823	4065.41610541728	3454.18615107914	4234.61458333333	1813.63276836158	3387.46280271046
P19_0034_BTR_01	P19_0034	72	M	28.3	never	no	no	occasional	yes	yes	no	no	no		normal	no	heart_disease	white	countryside	trigone	0	1	0	0	0	0	0	1	1	1	0	1	0	7.2	0.294797687861272	BMI_below30	AGE_above50	NovaSeq 6000	4.09999999999999	3	163	0	bladder_brush		4383.71782399642	4060.59534583064	1448.74419976406	2611.21825750818	4065.08955597248	1789.40409601409	4146.98547125295	3388.64655411016	2461.96181818182	5660.82777777778	3803.18571111604	5265.22004204625	3763.12064421669	5847.22482014389	3970.51388888889	1209.54802259887	3617.2502518387
P19_0002_BDO_01	P19_0002	73	F	27.8	former	yes	no	occasional	yes	yes	yes	MGUS	yes	cyclophosphamide,radiation	normal	yes	amyloidosis	white	countryside	dome	1	0	1	0	1	1	1	1	1	1	1	1	0	7.3	0.280346820809248	BMI_below30	AGE_above50	NovaSeq 6000	2.8	1	121	0	bladder_brush		3708.80297439338	4595.93455074338	3811.78018088871	4194.86440677966	4341.02013758599	4636.73045584673	3747.89271079101	3795.11597010794	3929.37727272727	6685.93333333333	4337.51275793211	4897.51857042747	4504.3944363104	4819.20053956835	4912.27777777778	581.960451977401	4218.76978294943
P19_0009_BDO_01	P19_0009	56	F	32.8	current	yes	yes	heavy	yes	yes	yes	DLBCL	yes	cyclophosphamide,doxorubicin,vincristine,gemcitabine	normal	yes	cancer	white	urban	dome	1	0	1	1	2	1	1	1	1	1	1	1	1	5.6	0.42485549132948	BMI_above30	AGE_above50	NovaSeq 6000	6.2	9	76	0	bladder_brush		4647.27815050878	4865.49547511312	3425.18167518679	4700.05382099316	4261.62301438399	3671.8255890773	3549.25766794983	3665.42222529754	1344.50090909091	3917.4462962963	4352.4113601065	5027.23195515067	3437.71244509517	3484.42356115108	3944.92361111111	512.870056497175	3675.47861331309
P19_0015_BDO_01	P19_0015	69	M	25.2	former	yes	no	former	yes	no	no	no	no		normal	no	heart_disease		urban	dome	1	1	1	0	1	0	0	1	1	0	0		1	6.9	0.205202312138728	BMI_below30	AGE_above50	NovaSeq 6000	5.5	3	47	0	bladder_brush		5411.26020351113	6012.1974789916	2832.51120723555	2738.84805233422	5695.81350844278	3190.04998898921	4663.06233701726	6040.51812897869	1632.96181818182	5981.70185185185	6641.5396050588	5325.31814996496	5850.62313323572	3231.82014388489	6691.76736111111	589.536723163842	4533.09560574709
P19_0006_BDO_01	P19_0006	48	F	25.2	never	no	no	occasional	yes	yes	no	no	no	cyclophosphamide,radiation	normal	no	lung_disease	white	countryside	dome	1	0	0	0	0	0	0	0	1	1	0	1	0	4.8	0.205202312138728	BMI_below30	AGE_below50	NovaSeq X Plus	2.9	2	98	1	bladder_brush		4237.23336687912	5557.66047188106	4498.73613841919	5586.39339875112	4284.65603502189	5417.86676943405	3384.72631317521	4385.56393578743	1190.95272727273	3563.72222222222	5720.79276680719	4760.79117028732	4041.478477306	2184.10431654676	4870.19791666667	870.124293785311	4034.6875200152
P19_0042_BDO_01	P19_0042	86	M	36.5	former	yes	no	no	no	no	no	no	no		normal	no	amyloidosis	white	urban	dome	1	1	1	0	1	0	0	1	0	0	0	1	1	8.6	0.531791907514451	BMI_above30	AGE_above50	NovaSeq 6000	1.8	2	150	0	bladder_brush		4950.71066756122	7071.08435681965	3624.53283523398	2673.35117454654	5176.46166353971	3037.72142699846	4105.46218800447	3877.30127318018	24863.5336363636	27872.4851851852	5078.09784779232	6027.94463910301	5723.39795021962	16315.8183453237	5003.01388888889	996.54802259887	7899.84156883497
P19_0011_BDO_01	P19_0011	62	M	18.1	current	yes	yes	heavy	yes	yes	no	no	no		normal	yes	liver_failure	white	countryside	dome	1	1	1	1	2	0	0	1	1	1	1	1	0	6.2	0	BMI_below30	AGE_above50	NovaSeq 6000	5.7	6	71	0	bladder_brush		5456.88281337359	5896.47882999354	2328.68796696815	3107.33511745465	5440.92357723577	2795.53820744329	4642.23096982491	5277.41987268198	1377.60909090909	5298.43148148148	6164.1783891724	5795.60056061668	5081.82284040996	3984.04586330935	6076.43402777778	498.802259887006	4326.40136678373
P19_0023_BTR_01	P19_0023	80	M	28.6	former	yes	no	former	yes	no	yes	MM	yes	bortezomib,lenalidomide,cyclophosphamide,pomaolidomide,radiotherapy	normal	no	cancer	white	urban	trigone	0	1	1	0	1	1	1	1	1	0	0	1	1	8	0.303468208092485	BMI_below30	AGE_above50	NovaSeq 6000	6.1	3	94	0	bladder_brush		6435.87867605949	6580.30995475113	3546.92646480535	3057.35831103182	6289.74721701063	3728.92754899802	5681.2137091767	7184.61444782729	1841.94818181818	6765.47962962963	7502.20346128245	6009.2894183602	7160.06383601757	4154.76348920863	7279.69444444444	1109.06214689266	5270.46755858214
P19_0047_BTR_01	P19_0047	46	M	29.9	former	yes	no	former	yes	no	no	no	no		normal	no	heart_disease	white	countryside	trigone	0	1	1	0	1	0	0	0	1	0	0	1	0	4.6	0.341040462427745	BMI_below30	AGE_below50	NovaSeq 6000	3.9	5	186	0	bladder_brush		4748.96706921615	4562.71089204913	1787.76445143531	2667.66042224205	4584.84590368981	2148.20986566836	4174.54402086179	4456.30044284528	2870.95	5366.86666666667	4756.37053472376	4961.16047652418	4833.30073206442	4409.03956834532	5567.66666666667	1244.46892655367	3946.30166497204
P19_0024_BTR_01	P19_0024	24	M	36.6	never	no	no	occasional	yes	yes	yes	HL	yes	vedotin,doxorubicin,vinblastine,dacarbazine,ifosfamide,carboplatin,etoposide,GCFS	normal	no	cancer	hispanic 	countryside	trigone	0	1	0	0	0	1	1	0	1	1	0		0	2.4	0.534682080924855	BMI_above30	AGE_below50	NovaSeq 6000	5.8	2	49	0	bladder_brush		7163.09124454881	6072.5932449903	2183.92115611482	3842.17989889979	6124.14033771107	2710.55120017617	6381.63243511735	5830.86230279546	1945.97363636364	5990.13148148148	5973.58220545818	7590.92361597758	5523.40995607614	7890.9190647482	6069.53125	2146.15254237288	5214.97472330199
P19_0025_BTR_01	P19_0025	66	F	21.1	never	no	no	former	yes	no	yes	MGUS	no		normal	no	lung_disease	white	countryside	trigone	0	0	0	0	0	1	0	1	1	0	0	1	0	6.6	0.0867052023121387	BMI_below30	AGE_above50	NovaSeq 6000	5.7	5	42	0	bladder_brush		4344.72867046852	4235.55591467356	3479.09575304758	5819.24918227773	4044.40988117574	4791.45320414006	3600.83521668943	3949.93689454747	1231.11090909091	3578.0037037037	4726.64588418016	4488.37911702873	3763.63631039531	3362.08273381295	4860.88541666667	508.022598870056	3799.00196192304
P19_0004_BTR_01	P19_0004	56	M	42.9	former	yes	no				no	no	no		normal	no	lung_disease	black	countryside	trigone	0	1	1	0	1	0	0	1			0	0	0	5.6	0.716763005780347	BMI_above30	AGE_above50	NovaSeq 6000	1.8	3	114	0	bladder_brush		10613.8144358716	9702.96978021978	2158.78666928824	8591.86202795124	6711.52645403377	2191.3160096895	7336.89395256426	6180.49155826183	7102.04545454546	17050.7185185185	5919.02862214333	12221.552908199	3995.46471449488	18238.4199640288	4241.45833333333	2196.28248587571	7778.2894930637
P19_0035_BDO_01	P19_0035	60	M	32.3	former	yes	no	former	yes	no	yes	SMZL	yes	bendamustine	yeast infection, acute	no	cancer	white	countryside	dome	1	1	1	0	1	1	1	1	1	0	0	1	0	6	0.410404624277456	BMI_above30	AGE_above50	NovaSeq X Plus		3	162	1	bladder_brush		6366.85133624064	7418.80171299289	2723.23692489186	3644.05976806423	6609.51269543465	3022.29817220876	5393.18663851981	6245.61500138389	2221.61	6110.25925925926	7069.08276015088	7007.69516468115	5696.37159590044	4564.27428057554	7085.11805555556	1632.87005649718	5175.6777138973
P19_0023_BDO_01	P19_0023	80	M	28.6	former	yes	no	former	yes	no	yes	MM	yes	bortezomib,lenalidomide,cyclophosphamide,pomaolidomide,radiotherapy	normal	no	cancer	white	urban	dome	1	1	1	0	1	1	1	1	1	0	0	1	1	8	0.303468208092485	BMI_below30	AGE_above50	NovaSeq 6000	5.9	3	94	0	bladder_brush		5742.85452309069	5997.63170652877	3047.83936295714	2769.71751412429	5816.26353971232	3280.17705351244	5160.92462436359	6421.47924162746	1486.86818181818	5767.65555555556	6721.17572664744	5466.62088297127	6214.51595900439	3505.41007194245	6758.22916666667	874.745762711864	4689.50680457716
P19_0025_BDO_01	P19_0025	66	F	21.1	never	no	no	former	yes	no	yes	MGUS	no		normal	no	lung_disease	white	countryside	dome	1	0	0	0	0	1	0	1	1	0	0	1	0	6.6	0.0867052023121387	BMI_below30	AGE_above50	NovaSeq 6000	4.2	5	42	0	bladder_brush		3793.5080509896	3392.16127989657	3123.52005505309	4825.61730597681	3832.01713570982	4433.79321735301	3987.57220911462	3588.81165236645	2066.60454545455	4162.60555555556	3848.15442644775	4303.4590049054	4066.23396778917	4184.88129496403	4348.75	1122.14689265537	3692.48978713949
P19_0004_BDO_01	P19_0004	56	M	42.9	former	yes	no				no	no	no		normal	no	lung_disease	black	countryside	dome	1	1	1	0	1	0	0	1			0	0	0	5.6	0.716763005780347	BMI_above30	AGE_above50	NovaSeq 6000	1.7	3	114	0	bladder_brush		10543.0956055015	9903.03409825469	2967.94868265828	7035.88343740708	7889.52545340838	3237.01365338031	8069.50887867875	7706.94035427623	5217.19545454546	13908.0944444444	7594.9487463945	11860.7077785564	5916.00117130307	14141.6762589928	6225.14583333333	1941.67231638418	7759.89951046996
P19_0013_BDO_01	P19_0013	73	F	33.2	never	no	no	no	no	no	yes	DLBCL	yes	cyclophosphamide,doxorubicin,vincristine,gemcitabine	normal	no	cancer	white	countryside	dome	1	0	0	0	0	1	1	1	0	0	0	1	0	7.3	0.436416184971098	BMI_above30	AGE_above50	NovaSeq 6000	4.09999999999999	1	52	0	bladder_brush		4598.93592754109	4906.80672268908	3893.79492725128	4092.1097234612	4746.18386491557	4373.79365778463	4201.96560288091	4163.79075560476	2888.99181818182	6559.16666666667	4688.03328156202	4865.08969866854	5051.9027818448	3114.85701438849	5276.77430555556	869.225988700565	4268.21392110606
P19_0026_BTR_01	P19_0026	57	M	20.8	current	yes	yes	no	no	no	no	no	no		normal	no	heart_disease	white	countryside	trigone	0	1	1	1	2	0	0	1	0	0	0	1	0	5.7	0.0780346820809248	BMI_below30	AGE_above50	NovaSeq 6000	6.7	7	41	0	bladder_brush		7417.42267695404	7692.46089204913	3119.001179709	3955.44632768362	7033.80838023765	3534.44703809734	6278.54476592574	7130.51453086078	2362.62636363636	7711.26666666667	7737.78211670734	7475.36790469516	6534.38243045388	5477.65737410072	7326.64930555556	1058.22033898305	5740.34989326975
P19_0020_BDO_01	P19_0020	51	F	27.3							no	no	no		normal	no	stroke	white	countryside	dome	1	0				0	0	1			0	1	0	5.1	0.265895953757225	BMI_below30	AGE_above50	NovaSeq 6000	4.7	5	32	0	bladder_brush		7348.97763614	7857.53926955398	6930.64412111679	8758.68807612251	7563.68192620388	8826.81303677604	6912.57990810878	7914.7140880155	2976.61727272727	6417.91111111111	8679.42600399379	8098.53749124036	7453.49136163982	5530.46133093525	8976.80902777778	1286.48587570621	6970.83609607307
P19_0012_BDO_01	P19_0012	46	F	30.8	former	yes	no	no	no	no	yes	ABLL_and_CRC	yes	cyclophosphamide,daunorubicin,vincristine,asparaginase,methotrexate,mercaptopurine,cytarabine,radiation,doxorubicin,thioguanine,doxorubicin,folinic acid,5FU,oxaliplatin	normal	no	cancer	white	urban	dome	1	0	1	0	1	1	1	0	0	0	0	1	1	4.6	0.367052023121387	BMI_above30	AGE_below50	NovaSeq 6000	3.4	2	55	0	bladder_brush		5658.31147266018	7385.91709760827	5233.37259142745	7613.11121022896	5541.36010006254	6015.31975335829	4177.48044207128	5869.87171325768	2405.20545454545	5636.07407407407	7230.274240071	5668.70147161878	4696.53733528551	3249.19424460432	6622.09027777778	613.977401129943	5226.04992998634
P19_0028_BTR_01	P19_0028	66	M	28	current	yes	yes	former	yes	no	no	no	no		normal	no	liver_failure		countryside	trigone	0	1	1	1	2	0	0	1	1	0	0		0	6.6	0.286127167630058	BMI_below30	AGE_above50	NovaSeq 6000	3.4	4	36	0	bladder_brush		6398.40976182489	6325.04427925016	1870.66594573339	4170.24055902468	5158.8469043152	2260.67958599427	5138.7612070036	4901.65319678937	4131.42909090909	7151.33333333333	5954.09429775904	7142.57953749124	4050.81932650073	7362.15107913669	5320.25	1254.61581920904	4911.97337026717
P19_0001_BDO_01	P19_0001	24	M	30.1	never	no	no	no	no	no	no	no	no		normal	no	heart_disease	white	countryside	dome	1	1	0	0	0	0	0	0	0	0	0	1	0	2.4	0.346820809248555	BMI_above30	AGE_below50	NovaSeq 6000	4.9	3	121	0	bladder_brush		5688.34255842558	6950.85827407886	2950.79551710578	3187.99256616116	5772.21713570982	3370.57806650518	4334.58661368434	6010.65208967617	1896.86090909091	6262.71296296296	7333.89349900155	5549.42747021724	5669.66442166911	3126.19334532374	6644.10416666667	337.80790960452	4692.91796911773
P19_0039_BTR_01	P19_0039	74	M	32.1	former	yes	no	no	no	no	no	no	no		normal	no	heart_disease	white	countryside	trigone	0	1	1	0	1	0	0	1	0	0	0	1	0	7.4	0.404624277456647	BMI_above30	AGE_above50	NovaSeq X Plus	4.9	3	185	1	bladder_brush		6748.41255730739	8179.26454427925	2647.74243020055	4195.93755575379	6644.65065666041	2988.44681788152	5441.25046566497	6355.62759479657	2150.59	5072.57037037037	7492.54648324828	7640.07428170988	5242.66207906296	4246.15557553957	6616.54513888889	1643.68926553672	5206.63536355632
P19_0020_BTR_01	P19_0020	51	F	27.3							no	no	no		normal	no	stroke	white	countryside	trigone	0	0				0	0	1			0	1	0	5.1	0.265895953757225	BMI_below30	AGE_above50	NovaSeq 6000	4	5	32	0	bladder_brush		7234.34127250363	7823.84825468649	6113.38222571766	9094.18316978888	6994.6277673546	8060.30808192028	6265.1954551099	7165.31497370606	3238.57636363636	6287.80925925926	8243.62103394719	7790.38402242467	6438.40204978038	5497.61151079137	8139.20138888889	1244.66101694915	6601.96674040405
P19_0002_BTR_01	P19_0002	73	F	27.8	former	yes	no	occasional	yes	yes	yes	MGUS	yes	cyclophosphamide,radiation	normal	yes	amyloidosis	white	countryside	trigone	0	0	1	0	1	1	1	1	1	1	1	1	0	7.3	0.280346820809248	BMI_below30	AGE_above50	NovaSeq 6000	5.8	1	121	0	bladder_brush		3762.59241865146	4423.45087265676	4099.80633110499	4568.47546833185	4177.62739212008	4765.48425456948	3257.92996398858	4282.15208967617	1168.87636363636	3601.09814814815	4845.48191701797	4015.49894884373	3887.62401171303	2180.98111510791	5067.01736111111	357.197740112994	3653.83089979941
P19_0016_BDO_01	P19_0016	79	M	23.9	former	yes	no	occasional	yes	yes	yes	PRAD	no	cyclophosphamide,radiation	normal	no	heart_disease	white	countryside	dome	1	1	1	0	1	1	0	1	1	1	0	1	0	7.9	0.167630057803468	BMI_below30	AGE_above50	NovaSeq 6000	2	1	24	0	bladder_brush		2603.86889187074	3089.52876535229	1581.96244593	1546.39458816533	2993.47692307692	1676.75578066505	2737.36843412393	3152.01923609189	1567.40272727273	4141.61666666667	3372.82449522964	3206.76734407849	3348.4934114202	2901.27787769784	3655.59722222222	482.276836158192	2628.60197787638
P19_0033_BDO_01	P19_0033	31	F	18.8	never	no	no	occasional	yes	yes	no	no	no		normal	no	autoimmune_disease	white	urban	dome	1	0	0	0	0	0	0	0	1	1	0	1	1	3.1	0.0202312138728323	BMI_below30	AGE_below50	NovaSeq 6000	3	5	163	0	bladder_brush		5241.98831488315	6271.49951519069	4632.74026740071	5742.1192387749	5331.75809881176	4714.70358951773	4116.33478206879	4862.89413230003	2459.71636363636	6315.62592592593	5815.02130019969	5625.0014015417	4617.85622254758	4059.4154676259	5227.18055555556	512.570621468927	4721.65161234059
P19_0038_BDO_01	P19_0038	51	F	27.5	never	no	no	no	no	no	yes	HL	yes	doxorubicin,bleomycin,vinblastine,dacarbazine	normal	no	cancer	white	countryside	dome	1	0	0	0	0	1	1	1	0	0	0	1	0	5.1	0.271676300578035	BMI_below30	AGE_above50	NovaSeq X Plus	4.2	2	198	1	bladder_brush		6664.36022587499	8165.81738849386	5019.9854502556	7191.99940529289	6248.99774859287	5178.56859722528	5088.49261144915	5902.58912261279	2675.66181818182	6619.20740740741	6923.92012425117	7210.42116327961	4936.87379209371	4988.6726618705	6202.05902777778	1719.14689265537	5671.04833983217
P19_0042_BTR_01	P19_0042	86	M	36.5	former	yes	no	no	no	no	no	no	no		normal	no	amyloidosis	white	urban	trigone	0	1	1	0	1	0	0	1	0	0	0	1	1	8.6	0.531791907514451	BMI_above30	AGE_above50	NovaSeq 6000	1.4	2	150	0	bladder_brush		3498.25992396288	4892.65045248869	2412.94435705859	2198.79631281594	3847.81200750469	2419.84012332085	3264.10567490376	3620.57597564351	8817.76363636364	10415.8	4119.46882627025	4499.33426769446	4348.45944363104	7069.31384892086	4619.98611111111	461.005649717514	4406.63228821299
P19_0046_BDO_01	P19_0046	61	M	32.1							no	no	no		normal	no	heart_disease		countryside	dome	1	1				0	0	1			0		0	6.1	0.404624277456647	BMI_above30	AGE_above50	NovaSeq 6000	1.7	6	213	0	bladder_brush		8608.41976965224	8659.37120232709	3481.14825009831	5225.75170978293	7430.4880550344	3574.45650737723	7257.0443313051	7196.68682535289	6266.25	13644.787037037	7281.11870423785	9951.52277505256	6482.68550512445	12454.440647482	6704.77777777778	1232.34463276836	7215.70585815064
P19_0033_BTR_01	P19_0033	31	F	18.8	never	no	no	occasional	yes	yes	no	no	no		normal	no	autoimmune_disease	white	urban	trigone	0	0	0	0	0	0	0	0	1	1	0	1	1	3.1	0.0202312138728323	BMI_below30	AGE_below50	NovaSeq 6000	1.4	5	163	0	bladder_brush		1849.92625517164	3251.37702003878	4364.41742036964	1102.85072851621	2513.58999374609	3231.50649636644	1536.03774990687	1948.51439247163	12947.6927272727	10461.237037037	3336.79210117595	1522.7981779958	4212.37452415813	4223.50089928058	2177.62847222222	209.401129943503	3680.60282035458
P19_0012_BTR_01	P19_0012	46	F	30.8	former	yes	no	no	no	no	yes	ABLL_and_CRC	yes	cyclophosphamide,daunorubicin,vincristine,asparaginase,methotrexate,mercaptopurine,cytarabine,radiation,doxorubicin,thioguanine,doxorubicin,folinic acid,5FU,oxaliplatin	normal	no	cancer	white	urban	trigone	0	0	1	0	1	1	1	0	0	0	0	1	1	4.6	0.367052023121387	BMI_above30	AGE_below50	NovaSeq 6000	1.6	2	55	0	bladder_brush		7727.38532930784	9198.18196509373	6659.29748328746	10334.3024085638	7093.57998749218	7371.71592160317	6142.57084316404	7254.86825352892	5633.03363636364	11713.362962963	8310.56401153761	9286.728100911	5976.3364568082	8744.73021582734	7377.69444444445	1218.76836158192	7502.69502390489
P19_0024_BDO_01	P19_0024	24	M	36.6	never	no	no	occasional	yes	yes	yes	HL	yes	vedotin,doxorubicin,vinblastine,dacarbazine,ifosfamide,carboplatin,etoposide,GCFS	normal	no	cancer	hispanic 	countryside	dome	1	1	0	0	0	1	1	0	1	1	0		0	2.4	0.534682080924855	BMI_above30	AGE_below50	NovaSeq 6000	6.3	2	49	0	bladder_brush		7292.66415073242	7853.65740142211	3601.66083366103	3613.2506690455	7390.36760475297	3887.29574983484	6248.32522041475	7609.50899529477	2080.44545454545	7782.19444444444	8305.24739294431	7267.06166783462	7276.34875549048	4774.80305755396	7982.74305555556	931.581920903955	5868.57227340195
P19_0045_BDO_01	P19_0045	81	M	19.7	former	yes	no	moderate	yes	yes	yes	ESCC	yes	radiotherapy	normal	no	lung_disease	white	countryside	dome	1	1	1	0	1	1	1	1	1	1	0	1	0	8.1	0.0462427745664739	BMI_below30	AGE_above50	NovaSeq 6000	7.3	4	75	0	bladder_brush		2529.51694062395	2437.33484162896	1027.19406213134	1412.92417484389	2915.74033771107	1328.95001101079	2738.19967713895	2543.07694436756	1568.75181818182	2806.4537037037	2680.92078988241	3000.83461807989	3042.27642752562	2575.54136690647	3255.49652777778	1017.38983050847	2305.03762950142
P19_0014_BTR_01	P19_0014	60	M	28.8	never	no	no	heavy	yes	yes	yes	CRC	no		normal	no	cancer	white	urban	trigone	0	1	0	0	0	1	0	1	1	1	0	1	1	6	0.309248554913295	BMI_below30	AGE_above50	NovaSeq 6000	2.7	6	48	0	bladder_brush		6110.20613887957	6954.89075630252	2590.43432953205	3808.18971156705	6023.24177611007	3040.34111429201	5034.65267602136	6183.70758372544	2691.28090909091	7123.08888888889	6898.66341246949	6933.85213735109	5585.40761346999	5048.125	6908.39930555556	797.35593220339	5108.23983034121
P19_0031_BTR_01	P19_0031	32	M	36.3				heavy	yes	yes	no	no	no		normal	no	liver_failure	white	urban	trigone	0	1				0	0	0	1	1	0	1	1	3.2	0.526011560693642	BMI_above30	AGE_below50	NovaSeq X Plus	1.6	1	210	1	bladder_brush		5319.38633568154	6924.74515190692	2905.42351553283	3623.89652096343	4470.35709818637	1779.78198634662	4399.97578542158	4082.03805701633	25177.6727272727	25041.3814814815	4020.52340803195	5941.423966363	3415.49751098097	15872.7517985612	2574.30208333333	3206.07344632768	7422.20192958799
P19_0034_BDO_01	P19_0034	72	M	28.3	never	no	no	occasional	yes	yes	no	no	no		normal	no	heart_disease	white	countryside	dome	1	1	0	0	0	0	0	1	1	1	0	1	0	7.2	0.294797687861272	BMI_below30	AGE_above50	NovaSeq 6000	4.8	3	163	0	bladder_brush		5618.05289052891	5596.42582417582	2137.31281950452	3179.3220338983	5516.3976235147	2511.64853556485	5139.60387433255	4755.75228342098	2908.60636363636	7034.51851851852	5217.99711559796	6341.02382620883	5081.41786237189	5492.63399280576	5441.12847222222	1278.6779661017	4578.15750015024
P19_0018_BDO_01	P19_0018	87	M	21	former	yes	no	no	no	no	yes	metastatic_LC_and_meningiomas			normal	no	cancer	white	urban	dome	1	1	1	0	1	1		1	0	0	0	1	1	8.7	0.083815028901734	BMI_below30	AGE_above50	NovaSeq X Plus	3	4	40	1	bladder_brush		5823.42468970144	7216.27747252747	2772.55760912308	3261.30954504906	5843.79637273296	3091.32966306981	4664.10629579039	5785.8090229726	2330.69454545455	5756.66111111111	6790.77790104282	5789.28451296426	5226.20966325037	3102.10791366906	6334.03125	1368.72316384181	4697.3187957688
P19_0040_BTR_01	P19_0040	41	M	36.4	former	yes	no	former	yes	no	no	no	no		normal	no	heart_disease	white	countryside	trigone	0	1	1	0	1	0	0	0	1	0	0	1	0	4.1	0.528901734104046	BMI_above30	AGE_below50	NovaSeq 6000	3	4	167	0	bladder_brush		3911.34412389578	4913.11570782159	2769.77939441604	2172.81355932203	4690.86003752345	3198.46003083021	3799.23891717372	4736.43855521727	2124.95545454545	4817.42592592593	5834.81451076104	4486.3742116328	6334.55314787701	2857.09082733813	7397.32638888889	637.80790960452	4042.64991892337
P19_0011_BTR_01	P19_0011	62	M	18.1	current	yes	yes	heavy	yes	yes	no	no	no		normal	yes	liver_failure	white	countryside	trigone	0	1	1	1	2	0	0	1	1	1	1	1	0	6.2	0	BMI_below30	AGE_above50	NovaSeq 6000	2.7	6	71	0	bladder_brush		4400.59856871296	4856.19828700711	2006.20723554856	2696.68272375855	4618.96797998749	2445.16824487998	4147.77970942506	4215.21699418766	1759.43909090909	5618.94444444445	5056.74373197249	5168.37491240364	4515.70541727672	4797.72392086331	5344.14583333333	566.796610169491	3888.41835655499
P19_0040_BDO_01	P19_0040	41	M	36.4	former	yes	no	former	yes	no	no	no	no		normal	no	heart_disease	white	countryside	dome	1	1	1	0	1	0	0	0	1	0	0	1	0	4.1	0.528901734104046	BMI_above30	AGE_below50	NovaSeq 6000	3.4	4	167	0	bladder_brush		6478.17080398077	7174.98933419522	3362.07196224931	3474.80523342254	6604.31469668543	3661.30433825149	5829.28175835093	6856.74273456961	2630.73545454545	7833.17777777778	7438.41934768139	6841.51506657323	7101.87584187409	5226.41996402878	8099.22222222222	1154.45197740113	5610.46865711308
P19_0003_BDO_01	P19_0003	75	F	25.2	former	yes	no	occasional	yes	yes	no	no	no		normal	no	lung_disease	white	urban	dome	1	0	1	0	1	0	0	1	1	1	0	1	1	7.5	0.205202312138728	BMI_below30	AGE_above50	NovaSeq X Plus	2.1	6	119	1	bladder_brush		5735.07983898021	7546.00743374273	5583.85941801022	7894.81831697889	5738.75584740463	6622.68465095794	4360.56612442568	5651.28577359535	2248.77272727273	4749.96666666667	7298.5842023519	6222.14505956552	5088.02752562225	2749.3345323741	6570.27777777778	1152.1581920904	5325.77025548856
P19_0028_BDO_01	P19_0028	66	M	28	current	yes	yes	former	yes	no	no	no	no		normal	no	liver_failure		countryside	dome	1	1	1	1	2	0	0	1	1	0	0		0	6.6	0.286127167630058	BMI_below30	AGE_above50	NovaSeq 6000	3.1	4	36	0	bladder_brush		6864.0162137985	6522.02181641888	2283.79276445143	4065.23134106453	5993.66404002502	2672.48073111649	6189.91593195083	5634.1645446997	4754.89363636364	8624.51111111111	6456.25915242955	7973.5921513665	5382.00234260615	9550.70683453237	6159.09375	1776.98870056497	5681.45844140623
P19_0041_BTR_01	P19_0041	59	F	52.7	never	no	no				no	no	no		normal	no	heart_disease	white	countryside	trigone	0	0	0	0	0	0	0	1			0	1	0	5.9	1	BMI_above30	AGE_above50	NovaSeq 6000	4.7	3	159	0	bladder_brush		3571.76596220508	3298.81447963801	2554.42685804168	3997.30270591734	3441.32107567229	2974.40453644572	3634.550974792	2771.45848325491	2770.09636363636	5000.61481481482	3032.02374084757	4404.30693763139	3066.83221083455	5738.61330935252	3034.09027777778	1597.1186440678	3430.48383593311
P19_0016_BTR_01	P19_0016	79	M	23.9	former	yes	no	occasional	yes	yes	yes	PRAD	no	cyclophosphamide,radiation	normal	no	heart_disease	white	countryside	trigone	0	1	1	0	1	1	0	1	1	1	0	1	0	7.9	0.167630057803468	BMI_below30	AGE_above50	NovaSeq 6000	1.6	1	24	0	bladder_brush		4411.39298892989	5695.37540400776	2988.71234762092	2725.27951234017	5241.08367729831	3113.9119136754	4546.24388426673	5293.37365070579	3816.86909090909	8791.32592592593	6098.73152873308	5521.24807288017	5773.93528550513	5513.82284172662	6380.39236111111	692.271186440678	4787.7481045048
P19_0043_BTR_01	P19_0043	37	F	45.4	former	yes	no	no	no	no	no	no	no		normal	no	heart_disease	pacific_islander	urban	trigone	0	0	1	0	1	0	0	0	0	0	0	0	1	3.7	0.789017341040462	BMI_above30	AGE_below50	NovaSeq X Plus	1.9	3	144	1	bladder_brush		5863.19780834172	8887.49579831933	6888.49744396382	6953.95777579542	5553.97448405253	5765.78573001542	4615.4933565131	4907.74522557432	22304.7027272727	13426.1185185185	6158.43155092079	7451.98318149965	5804.79121522694	12276.0692446043	5193.02083333333	2593.68926553672	7790.30963496804
P19_0019_BDO_01	P19_0019	59	F	21.3	never	no	no				yes	CNS_and_DLBCL	no		normal	no	cancer	white	countryside	dome	1	0	0	0	0	1	0	1			0	1	0	5.9	0.0924855491329479	BMI_below30	AGE_above50	NovaSeq 6000	2.5	4	24	0	bladder_brush		4225.86749412949	4138.88720103426	3807.27015336217	4536.64377044306	4269.22889305816	4886.37987227483	4019.9832360611	4483.2360918904	1489.36636363636	3920.82592592593	4546.38384734857	4456.16468114926	4450.55080527086	3599.16456834532	5173.90625	954.977401129944	3934.92728469123
P19_0046_BTR_01	P19_0046	61	M	32.1							no	no	no		normal	no	heart_disease		countryside	trigone	0	1				0	0	1			0		0	6.1	0.404624277456647	BMI_above30	AGE_above50	NovaSeq 6000	1.8	6	213	0	bladder_brush		1663.14519736106	2885.80009696186	2805.47306331105	979.042224204579	2349.60262664165	1980.08390222418	1968.26151744691	2289.98270135621	10447.9363636364	6623.48888888889	3074.2340803195	1752.6096706377	3565.86442166911	5184.28147482014	2404.5625	299.774011299435	3142.13392129867
P19_0050_BDO_01	P19_0050	50	M	23.7	current	yes	yes				no	no	no			no		white		dome	1	1	1	1	2	0	0				0	1		5	0.161849710982659			NovaSeq X Plus		6		1	bladder_brush	na	6907.71474896567	9681.12605042017	3591.24164372788	4441.45673505798	8513.30819262039	3965.59524333847	6130.14516329318	8284.37628009964	2216.61454545455	3189.58148148148	10220.6032837808	7032.73160476524	7151.10980966325	2750.19154676259	9697.11458333333	1989.1186440678	5985.12684730203
P19_0050_BTR_01	P19_0050	50	M	23.7	current	yes	yes				no	no	no			no		white		trigone	0	1	1	1	2	0	0				0	1		5	0.161849710982659			NovaSeq X Plus		6		1	bladder_brush	na	9432.80381303813	13435.8828377505	4450.2542272906	5649.1454058876	9305.53633520951	5005.60361153931	6448.28883645846	8830.7363686687	3393.67454545455	5879.76111111111	11692.1613046372	8967.48493342677	8412.60673499268	3903.73830935252	10393.4861111111	1803.41242937853	7312.78605720671
P19_0051_BDO_01	P19_0051	79	M	35	former	yes	no	ocassional	yes	yes	no	no	no			no		white		dome	1	1	1	0	1	0	0		1	1	0	1		7.9	0.488439306358381			NovaSeq X Plus		5		1	bladder_brush	na	7633.30023482053	11387.2335164835	3708.24773889107	4980.91525423729	8185.28505315822	4160.35807090949	5912.21954551099	7598.0013838915	2943.81363636364	4838.90740740741	10341.4670512536	7593.90049053959	6942.39121522694	3349.52787769784	8807.11805555555	1799.14689265537	6261.36458903766
P19_0051_BTR_01	P19_0051	79	M	35	former	yes	no	ocassional	yes	yes	no	no	no			no		white		trigone	0	1	1	0	1	0	0		1	1	0	1		7.9	0.488439306358381			NovaSeq X Plus		5		1	bladder_brush	na	8940.42407469529	12265.2301228184	4306.21215100275	5368.621171573	9449.25440900563	4781.20986566835	7140.88488761952	9103.17879878218	3423.16909090909	6183.21666666667	11250.6791657422	8946.86334968465	8309.84655929722	4375.0845323741	10197.3854166667	2199.56497175141	7265.05157714107
P19_0052_BDO_01	P19_0052	31	F	44.5	current	yes	yes				no	no	no			yes		black		dome	1	0	1	1	2	0	0				1	0		3.1	0.763005780346821			NovaSeq X Plus		5		1	bladder_brush	na	9851.45750866599	12026.4899806076	8725.50078647267	11544.5224501933	9733.68717948718	9210.00440431623	8093.87967217186	8950.86769997232	6724.98909090909	9597.90740740741	10454.0006656312	10035.80168185	8557.75431918009	6531.12230215827	9640.46180555556	5426.53107344633	9069.06112675157
P19_0052_BTR_01	P19_0052	31	F	44.5	current	yes	yes				no	no	no			yes		black		trigone	0	0	1	1	2	0	0				1	0		3.1	0.763005780346821			NovaSeq X Plus		5		1	bladder_brush	na	5642.02532707145	6460.41774402069	4519.20526936689	6950.85637823372	5467.39374609131	4882.85377670117	4694.96138085186	4868.48906725713	4098.13727272727	4993.16851851852	5390.9019303306	5905.1695865452	4274.38711566618	4220.02877697842	4882.63888888889	2633.85310734463	4992.78049291212
P19_0053_BDO_01	P19_0053	72	M	19.5	former	yes	no		yes	yes	yes	no	yes			no		white		dome	1	1	1	0	1	1	1		1	1	0	1		7.2	0.0404624277456647			NovaSeq X Plus		4		1	bladder_brush	5FU and vectibix and omit irinotecan; BEVACIZUMAB; REGORAFENIB ; FOLFOX + Panitumumab; concurrent radiation 	8890.04959185955	12549.9293794441	4404.54974439638	5382.62830805828	9288.17598499062	4848.76921382955	6699.51334906246	9015.41890395793	3214.1	5951.28703703704	11580.2107832261	8484.17519271198	8225.65739385066	3842.70863309352	10380.4930555556	2003.45762711864	7172.57026238702
P19_0053_BTR_01	P19_0053	72	M	19.5	former	yes	no		yes	yes	yes	no	yes			no		white		trigone	0	1	1	0	1	1	1		1	1	0	1		7.2	0.0404624277456647			NovaSeq X Plus		4		1	bladder_brush	5FU and vectibix and omit irinotecan; BEVACIZUMAB; REGORAFENIB ; FOLFOX + Panitumumab; concurrent radiation 	7737.89175891759	11337.0295733678	3815.88104600865	4898.09485578353	8153.56447779862	4273.03787711958	5744.07959766547	7771.7377525602	2919.82636363636	4680.29444444445	10192.4091413357	7458.35949544499	7332.74143484627	3187.25179856115	9158.92361111111	1394.51412429379	6253.47733455595
