VARIANT_ID	total	n_count	n_frac	alt_count	ref_count	other_count	dup_alt	nondup_alt	dup_ref	nondup_ref
chr12:49022234_C>T	8109	1	0.00012331976815883587	29	8075	4	0	29	0	8075
chr12:49022611_C>T	8107	1	0.00012335019119279634	8	8092	6	0	8	0	8092
chr12:49022748_C>A	8105	2	0.00024676125848241827	6	8084	13	0	6	0	8084
chr12:49022780_G>C	8113	0	0.0	4	8052	57	0	4	0	8052
chr12:49026649_C>T	8110	0	0.0	23	8082	5	0	23	0	8082
chr12:49026823_C>A	8113	3	0.0003697769012695674	25	8072	13	0	25	0	8072
chr12:49027256_G>A	8119	1	0.0001231678778174652	15	8103	0	0	15	0	8103
chr12:49027818_C>G	8117	1	0.00012319822594554638	1	8101	14	0	1	0	8101
chr12:49028024_C>A	8105	0	0.0	5	8094	6	0	5	0	8094
chr12:49028025_C>A	8110	0	0.0	9	8100	1	0	9	0	8100
chr12:49029345_G>A	8112	0	0.0	8	8103	1	0	8	0	8103
chr12:49029346_A>G	8112	0	0.0	8	8089	15	0	8	0	8089
chr12:49030434_G>A	8110	1	0.00012330456226880394	20	8032	57	0	20	0	8032
chr12:49031211_C>A	8112	1	0.0001232741617357002	4	8103	4	0	4	0	8103
chr12:49032281_C>T	8112	0	0.0	3	8077	32	0	3	0	8077
chr12:49032731_G>A	8113	1	0.0001232589670898558	14	8094	4	0	14	0	8094
chr12:49032838_T>G	8112	2	0.0002465483234714004	4	8101	5	0	4	0	8101
chr12:49032926_G>A	8110	2	0.0002466091245376079	8	8099	1	0	8	0	8099
chr12:49033328_G>A	8110	1	0.00012330456226880394	7	8100	2	0	7	0	8100
chr12:49033832_G>T	8116	3	0.0003696402168555939	1	8104	8	0	1	0	8104
chr12:49033833_A>T	8117	2	0.00024639645189109276	0	8102	13	0	0	0	8102
chr12:49034419_C>A	8111	0	0.0	17	8091	3	0	17	0	8091
chr12:49034420_C>A	8111	3	0.0003698680803846628	17	8085	6	0	17	0	8085
chr12:49034695_G>C	8113	0	0.0	0	8092	21	0	0	0	8092
chr12:49037932_C>T	8113	3	0.0003697769012695674	4	8099	7	0	4	0	8099
chr12:49039277_G>A	8115	1	0.00012322858903265557	13	8099	2	0	13	0	8099
chr12:49039569_T>A	8117	3	0.00036959467783663914	1	8100	13	0	1	0	8100
chr12:49039581_T>G	8110	0	0.0	10	8092	8	0	10	0	8092
chr12:49039583_T>A	8109	1	0.00012331976815883587	1	8100	7	0	1	0	8100
chr12:49039585_C>A	8109	1	0.00012331976815883587	1	8103	4	0	1	0	8103
chr12:49039867_G>A	8119	3	0.0003695036334523956	20	8094	2	0	20	0	8094
chr12:49040269_C>A	8115	2	0.00024645717806531114	5	8104	4	0	5	0	8104
chr12:49040781_G>A	8119	0	0.0	7	8109	3	0	7	0	8109
chr12:49042170_C>A	8109	0	0.0	15	8091	3	0	15	0	8091
chr12:49046765_C>T	8109	1	0.00012331976815883587	18	8085	5	0	18	0	8085
chr12:49048030_C>T	8114	5	0.0006162188809465122	2	8093	14	0	2	0	8093
chr12:49049197_C>A	8112	2	0.0002465483234714004	12	8095	3	0	12	0	8095
chr12:49049198_T>A	8112	0	0.0	4	8095	13	0	4	0	8095
chr12:49050070_T>A	8117	1	0.00012319822594554638	3	8096	17	0	3	0	8096
chr12:49050536_C>A	8112	0	0.0	29	8082	1	0	29	0	8082
chr12:49050537_C>A	8113	0	0.0	50	8060	3	0	50	0	8060
chr12:49050970_C>A	8106	0	0.0	11	8090	5	0	11	0	8090
chr12:49053626_G>A	8115	0	0.0	16	8096	3	0	16	0	8096
chr12:49054080_G>A	8113	0	0.0	12	8096	5	0	12	0	8096
chr12:49054267_C>T	8112	2	0.0002465483234714004	6	8100	4	0	6	0	8100
chr12:49054727_A>G	8116	3	0.0003696402168555939	12	8094	7	0	12	0	8094
chr13:48307452_A>G	8107	1	0.00012335019119279634	0	8098	8	0	0	0	8098
chr13:48359990_C>T	8073	2	0.0002477393781741608	9	8060	2	0	9	0	8060
chr13:48379866_A>T	8066	1	0.0001239771881973717	0	8051	14	0	0	0	8051
chr13:48452573_T>G	2288	1	0.00043706293706293706	5	2280	2	0	5	0	2280
chr13:48463914_T>A	8105	0	0.0	7	8091	7	0	7	0	8091
chr13:48463917_T>G	8104	0	0.0	10	8088	6	0	10	0	8088
chr13:48463918_C>A	8103	2	0.0002468221646303838	10	8088	3	0	10	0	8088
chr13:48463921_T>A	8097	0	0.0	1	8088	8	0	1	0	8088
chr13:48465452_C>T	8114	1	0.00012324377618930243	1	8108	4	0	1	0	8108
chr16:3728115_G>A	8108	4	0.000493339911198816	6	8094	4	0	6	0	8094
chr16:3736714_A>G	8110	0	0.0	3	8084	23	0	3	0	8084
chr16:3739554_C>A	8100	0	0.0	2	8091	7	0	2	0	8091
chr16:3757377_C>G	8111	2	0.00024657872025644185	2	8093	14	0	2	0	8093
chr16:3757454_G>A	8106	0	0.0	3	8096	7	0	3	0	8096
chr16:3770880_G>T	8109	0	0.0	1	8096	12	0	1	0	8096
chr16:3770881_G>T	8109	1	0.00012331976815883587	1	8100	7	0	1	0	8100
chr16:3770891_C>T	8109	1	0.00012331976815883587	9	8099	0	0	9	0	8099
chr16:3771178_C>A	8050	1	0.00012422360248447205	2	8039	8	0	2	0	8039
chr16:3774138_C>G	8057	0	0.0	2	8042	13	0	2	0	8042
chr16:3782909_C>T	8114	1	0.00012324377618930243	7	8103	3	0	7	0	8103
chr16:3850896_G>A	8107	1	0.00012335019119279634	7	8091	8	0	7	0	8091
chr17:7673454_T>C	8094	0	0.0	1	8071	22	0	1	0	8071
chr17:7673461_G>C	8099	0	0.0	1	8086	12	0	1	0	8086
chr17:7673776_G>C	8115	1	0.00012322858903265557	3	8086	25	0	3	0	8086
chr17:7674285_G>A	8112	1	0.0001232741617357002	11	8097	3	0	11	0	8097
chr17:7675089_G>A	8117	2	0.00024639645189109276	18	8095	2	0	18	0	8095
chr19:45973946_G>A	8049	0	0.0	23	8013	13	0	23	0	8013
chr1:119915368_G>A	8106	0	0.0	5	8096	5	0	5	0	8096
chr1:119915960_C>T	8109	3	0.0003699593044765076	6	8094	6	0	6	0	8094
chr1:119923895_C>A	8108	1	0.000123334977799704	4	8093	10	0	4	0	8093
chr1:119925616_G>A	8113	1	0.0001232589670898558	6	8102	4	0	6	0	8102
chr1:119926494_C>T	8108	0	0.0	4	8099	5	0	4	0	8099
chr1:119967460_C>T	8102	2	0.00024685262898049864	6	8090	4	0	6	0	8090
chr1:119967546_C>T	8111	1	0.00012328936012822092	1	8090	19	0	1	0	8090
chr1:119967580_T>G	8111	1	0.00012328936012822092	6	8102	2	0	6	0	8102
chr1:119968089_C>T	1317	0	0.0	1	1315	1	0	1	0	1315
chr1:26729826_C>T	8117	3	0.00036959467783663914	10	8100	4	0	10	0	8100
chr1:26731763_A>G	8066	0	0.0	2	8060	4	0	2	0	8060
chr1:26732513_T>C	8035	1	0.00012445550715619165	6	8027	1	0	6	0	8027
chr1:26732966_G>A	8052	0	0.0	5	8020	27	0	5	0	8020
chr1:26732967_G>A	8051	1	0.00012420817289777666	3	8036	11	0	3	0	8036
chr1:26760958_A>C	8109	1	0.00012331976815883587	8	8100	0	0	8	0	8100
chr1:26762147_A>G	8114	2	0.00024648755237860487	3	8097	12	0	3	0	8097
chr1:26762167_A>T	8109	1	0.00012331976815883587	1	8098	9	0	1	0	8098
chr1:26762168_C>T	8102	2	0.00024685262898049864	2	8084	14	0	2	0	8084
chr1:26762230_C>T	8113	1	0.0001232589670898558	3	8105	4	0	3	0	8105
chr1:26762257_G>A	8116	2	0.0002464268112370626	19	8093	2	0	19	0	8093
chr1:26763179_C>T	8116	3	0.0003696402168555939	11	8101	1	0	11	0	8101
chr1:26766455_A>G	8118	3	0.0003695491500369549	7	8091	17	0	7	0	8091
chr1:26767757_C>G	8096	0	0.0	0	8093	3	0	0	0	8093
chr1:26772391_G>A	8071	1	0.00012390038409119069	7	8056	7	0	7	0	8056
chr1:26774186_A>G	8089	2	0.0002472493509704537	5	8070	12	0	5	0	8070
chr1:26774767_A>G	8111	3	0.0003698680803846628	7	8091	10	0	7	0	8091
chr1:26775725_G>C	8106	1	0.0001233654083395016	0	8095	10	0	0	0	8095
chr1:26779270_C>A	8112	0	0.0	2	8105	5	0	2	0	8105
chr1:26779350_C>T	8114	3	0.0003697313285679073	4	8093	14	0	4	0	8093
chr1:26780801_G>A	8109	0	0.0	7	8091	11	0	7	0	8091
chr22:41130101_T>G	8094	0	0.0	6	8081	7	0	6	0	8081
chr22:41147853_C>T	8099	0	0.0	13	8082	4	0	13	0	8082
chr22:41149639_A>G	8028	1	0.00012456402590931738	8	8002	17	0	8	0	8002
chr22:41149917_C>A	8105	2	0.00024676125848241827	3	8096	4	0	3	0	8096
chr22:41155011_A>T	8102	0	0.0	0	8089	13	0	0	0	8089
chr22:41168487_C>T	8104	1	0.00012339585389930897	3	8099	1	0	3	0	8099
chr22:41168963_G>T	8106	3	0.0003700962250185048	2	8095	6	0	2	0	8095
chr22:41170528_T>A	8114	2	0.00024648755237860487	14	8090	8	0	14	0	8090
chr22:41172574_C>T	8104	0	0.0	6	8097	1	0	6	0	8097
chr22:41173777_A>C	8095	1	0.00012353304508956145	12	8081	1	0	12	0	8081
chr22:41173778_T>G	8093	0	0.0	15	8071	7	0	15	0	8071
chr22:41176392_C>G	8116	1	0.0001232134056185313	1	8103	11	0	1	0	8103
chr22:41176903_G>A	8110	1	0.00012330456226880394	11	8094	4	0	11	0	8094
chr22:41178449_C>G	8111	3	0.0003698680803846628	0	8098	10	0	0	0	8098
chr4:1804915_A>G	2084	0	0.0	10	2071	3	0	10	0	2071
chr5:1294902_G>C	8077	0	0.0	0	8047	30	0	0	0	8047
chr5:1295103_A>G	8090	1	0.00012360939431396787	12	8067	10	0	12	0	8067
chr5:1295127_G>A	8098	1	0.00012348728081007656	13	8078	6	0	13	0	8078
chr5:1295128_G>A	8098	1	0.00012348728081007656	11	8084	2	0	11	0	8084
chr6:1313950_C>T	8097	1	0.00012350253180190194	31	8060	5	0	31	0	8060
chr6:36684271_C>T	8113	0	0.0	2	8020	91	0	2	0	8020
chr6:36684369_G>T	8113	0	0.0	5	8092	16	0	5	0	8092
chr7:152181955_T>G	8113	0	0.0	5	8107	1	0	5	0	8107
chr7:152182287_G>A	8116	0	0.0	10	8105	1	0	10	0	8105
chr7:152252803_C>T	8112	0	0.0	6	8102	4	0	6	0	8102
chr9:38355029_G>A	1319	0	0.0	4	1315	0	0	4	0	1315
chrX:124063182_T>C	8064	0	0.0	8	8051	5	0	8	0	8051
chrX:124076190_A>G	6932	1	0.00014425851125216387	4	6910	17	0	4	0	6910
chrX:124078277_A>G	3882	1	0.00025759917568263783	4	3876	1	0	4	0	3876
chrX:44874248_G>A	3868	1	0.0002585315408479835	12	3840	15	0	12	0	3840
chrX:45059150_G>C	8075	0	0.0	0	8074	1	0	0	0	8074
chrX:45076823_T>G	8069	0	0.0	5	8056	8	0	5	0	8056
chrX:45085859_T>G	8079	2	0.00024755539051862855	6	8062	9	0	6	0	8062
chrX:45090749_C>T	8085	0	0.0	6	8070	9	0	6	0	8070
chrX:45090789_T>A	8092	2	0.00024715768660405336	2	8076	12	0	2	0	8076
chrX:45109904_A>T	4866	2	0.0004110152075626798	2	4854	8	0	2	0	4854
chrX:45110146_G>T	8082	1	0.00012373174956693887	54	8014	13	0	54	0	8014
chrX:45110147_C>T	8082	0	0.0	58	8022	2	0	58	0	8022
chrX:47176593_G>A	8088	2	0.0002472799208704253	16	8067	3	0	16	0	8067
chrX:47179459_C>T	8091	0	0.0	6	8069	16	0	6	0	8069
chrX:47180128_G>T	8092	2	0.00024715768660405336	8	8076	6	0	8	0	8076
chrX:47180129_G>C	8091	0	0.0	0	8056	35	0	0	0	8056
chrX:47180225_T>A	8092	3	0.0003707365299060801	3	8070	16	0	3	0	8070
chrX:47181414_A>G	8094	0	0.0	46	8034	14	0	46	0	8034
chrX:47181662_G>C	8084	3	0.0003711034141514102	2	8071	8	0	2	0	8071
chrX:47181663_G>T	8083	1	0.00012371644191513053	8	8066	8	0	8	0	8066
chrX:47181669_T>C	8080	2	0.00024752475247524753	3	8067	8	0	3	0	8067
chrX:47181670_A>C	8080	4	0.0004950495049504951	8	8067	1	0	8	0	8067
chrX:47181671_T>A	8081	0	0.0	0	8061	20	0	0	0	8061
chrX:47181788_C>G	8091	2	0.00024718823384006923	0	8076	13	0	0	0	8076
chrX:47181999_A>G	8087	2	0.00024731049833065413	6	8069	10	0	6	0	8069
chrX:47182233_G>T	8089	0	0.0	9	8069	11	0	9	0	8069
chrX:47182234_G>T	8089	1	0.00012362467548522686	5	8078	5	0	5	0	8078
chrX:47185069_G>T	8081	1	0.00012374706100730108	12	8062	6	0	12	0	8062
chrX:47185070_G>T	8081	1	0.00012374706100730108	10	8066	4	0	10	0	8066
chrX:47185312_C>T	8091	0	0.0	10	8079	2	0	10	0	8079
chrX:47185787_G>T	8093	1	0.0001235635734585444	9	8076	7	0	9	0	8076
chrX:47185788_G>T	8094	0	0.0	1	8089	4	0	1	0	8089
