,C>T,C>A,C>G,T>A,T>C,T>G,C>N,T>N,Count,Base,Count_percent
0,0,0,0,0,0,0,0,0,0,1,0.0
1,0,0,0,0,0,0,0,0,0,2,0.0
2,0,0,0,0,0,0,0,0,0,3,0.0
3,0,0,0,0,0,0,0,0,0,4,0.0
4,0,0,0,0,0,0,0,0,0,5,0.0
5,0,0,0,0,0,0,0,0,0,6,0.0
6,0,0,0,0,0,0,0,0,0,7,0.0
7,0,0,0,0,0,0,0,0,0,8,0.0
8,0,0,0,0,0,0,0,0,0,9,0.0
9,0,0,0,0,0,0,0,0,0,10,0.0
10,0,0,0,0,0,0,0,0,7109534,11,0.9966358880846122
11,0,0,0,0,0,0,0,0,7114953,12,0.9973955398251526
12,0,0,0,0,0,0,0,0,7120155,13,0.9981247718521484
13,0,0,0,0,0,0,0,0,7123973,14,0.9986599905909163
14,0,0,0,0,0,0,0,0,7127916,15,0.9992127322061497
15,8,25,3,0,0,1,0,0,7131744,16,0.9997493527750348
16,9,18,3,1,1,0,0,0,7132222,17,0.9998163602546396
17,10,20,0,0,2,0,0,0,7132696,18,0.9998828070021976
18,10,30,0,0,0,1,0,0,7132946,19,0.9999178527551288
19,8,20,0,0,0,0,0,0,7133099,20,0.9999393007559229
20,5,7,1,1,0,0,0,0,7133178,21,0.9999503752138491
21,9,14,2,0,1,0,0,0,7133210,22,0.9999548610702244
22,2,15,0,0,0,0,0,0,7133335,23,0.99997238394669
23,2,11,0,0,0,0,0,0,7133345,24,0.9999737857768073
24,4,6,0,0,1,0,0,0,7133400,25,0.9999814958424523
25,7,16,1,1,2,0,0,0,7133447,26,0.9999880844440033
26,6,9,0,0,0,0,0,0,7133447,27,0.9999880844440033
27,1,13,2,0,0,0,0,0,7133463,28,0.9999903273721908
28,3,6,1,1,1,0,0,0,7133526,29,0.9999991589019296
29,4,9,2,0,0,0,0,0,7133532,30,1.0
30,2,7,1,0,2,2,0,0,7132723,31,0.9998865919435141
31,3,6,1,1,0,1,0,0,7131354,32,0.9996946814004619
32,3,7,1,1,0,0,0,0,7129654,33,0.9994563702805287
33,1,7,0,0,0,0,0,0,7127338,34,0.9991317064253724
34,4,3,0,1,0,0,0,0,7124648,35,0.9987546141238308
35,3,5,0,0,0,0,0,0,7121430,36,0.9983035051920983
36,3,4,2,0,0,1,0,0,7117770,37,0.9977904353691832
37,2,3,0,0,0,1,0,0,7113496,38,0.9971912931770686
38,4,5,0,1,1,0,0,0,7108624,39,0.9965083215439421
39,3,4,1,0,0,0,0,0,7102881,40,0.9957032505076026
40,1,5,0,0,0,0,0,0,7096337,41,0.9947858928788713
41,0,7,2,0,0,0,0,0,7088841,42,0.9937350810229771
42,1,4,0,0,2,0,0,0,7080660,43,0.992588243804051
43,1,3,0,2,0,0,0,0,7071295,44,0.9912754298992421
44,2,3,2,0,3,0,0,0,7060623,45,0.9897793967981078
45,3,2,0,0,0,1,0,0,7048675,46,0.988104490174012
46,1,3,1,0,1,0,0,0,7035660,47,0.9862800082764049
47,1,7,0,1,2,0,0,0,7021500,48,0.9842950168303723
48,0,3,0,0,0,0,0,0,7005802,49,0.982094423912306
49,2,3,1,2,0,0,0,0,6988414,50,0.9796569217044235
50,1,3,0,0,1,0,0,0,6969707,51,0.9770345181040753
51,2,3,1,0,0,1,0,0,6949469,52,0.9741974943127751
52,3,1,0,0,0,0,0,0,6928010,53,0.9711893070641584
53,1,3,0,0,1,0,0,0,6904625,54,0.9679111273349583
54,0,3,0,0,0,0,0,0,6878947,55,0.9643115079598717
55,0,5,0,0,0,1,0,0,6851483,56,0.9604615217258434
56,4,2,1,0,0,0,0,0,6822245,57,0.9563628508290143
57,0,4,0,0,0,0,0,0,6791672,58,0.9520770356115315
58,0,2,0,0,0,0,0,0,6759017,59,0.9474993593636364
59,2,3,1,0,0,0,0,0,6724240,60,0.9426242147648598
60,1,2,0,1,0,0,0,0,6687774,61,0.9375123010592789
61,1,0,0,0,0,0,0,0,6649599,62,0.9321608145866592
62,1,1,0,0,0,0,0,0,6609852,63,0.9265889604196069
63,3,1,0,0,0,0,0,0,6568076,64,0.9207326749217639
64,1,3,1,1,0,0,0,0,6523939,65,0.9145454173332368
65,0,0,0,0,0,0,0,0,6478239,66,0.908139053697383
66,0,0,0,0,0,0,0,0,6430627,67,0.90146466014311
67,0,2,0,1,0,0,0,0,6381369,68,0.8945595253515369
68,2,1,0,0,1,0,0,0,6330690,69,0.887455190500302
69,1,1,1,0,0,1,0,0,6278431,70,0.8801293664905407
70,1,4,0,1,3,0,0,0,6224143,71,0.8725191111499885
71,1,0,0,0,1,0,0,0,6168369,72,0.8647005438540124
72,3,1,0,0,0,0,0,0,6111474,73,0.8567248314018918
73,1,4,0,0,1,0,0,0,6053178,74,0.848552722550344
74,1,1,1,0,0,0,0,0,5993188,75,0.8401431436769331
75,2,2,0,1,0,0,0,0,5931752,76,0.8315308601685674
76,1,2,1,0,1,0,0,0,5869524,77,0.8228075517149148
77,1,0,0,2,0,0,0,0,5805996,78,0.8139020053460193
78,0,1,0,0,1,0,0,0,5741122,79,0.8048077726433412
79,2,3,1,0,0,0,0,0,5675387,80,0.7955928423675677
80,0,2,1,0,2,0,0,0,5608086,81,0.786158385495432
81,0,1,0,0,0,0,0,0,5539407,82,0.7765307564331386
82,0,2,1,0,0,0,0,0,5470157,83,0.76682308287115
83,1,0,1,0,0,0,0,0,5400563,84,0.7570671863531278
84,1,0,0,0,0,0,0,0,5329979,85,0.7471725086534974
85,1,1,0,1,1,0,0,0,5259215,86,0.7372525980117562
86,0,1,0,0,0,0,0,0,5188543,87,0.727345584207094
87,1,2,0,0,0,0,0,0,5117457,88,0.7173805346355775
88,0,0,0,0,1,0,0,0,5046133,89,0.7073821215072702
89,1,0,0,0,0,0,0,0,4975114,90,0.6974264641975392
90,1,2,0,0,0,0,0,0,4904273,91,0.6874957594638953
91,0,2,0,0,0,0,0,0,4834163,92,0.6776675285118228
92,0,0,1,0,0,0,0,0,4764595,93,0.6679152767521054
93,1,1,0,0,0,0,0,0,4694863,94,0.6581400349784651
94,0,0,0,0,0,0,0,0,4625579,95,0.6484275951940778
95,1,2,1,0,1,0,0,0,4556904,96,0.6388005268638313
96,0,0,1,1,0,0,0,0,4489408,97,0.6293387343044091
97,1,0,0,0,0,0,0,0,4422335,98,0.6199362391589468
98,0,1,0,0,0,0,0,0,4355493,99,0.610566126289193
99,0,0,0,0,1,0,0,0,4289480,100,0.6013122251361598
100,0,0,2,0,0,0,0,0,4223506,101,0.5920637911205837
101,0,1,1,0,0,0,0,0,4158165,102,0.58290409295143
102,0,0,1,0,0,0,0,0,4094212,103,0.5739389688025511
103,1,1,1,0,0,0,0,0,4030300,104,0.564979592157153
104,0,1,0,0,0,0,0,0,3967605,105,0.5561908182370248
105,1,2,0,0,0,0,0,0,3905362,106,0.5474654070381965
106,0,1,0,0,1,0,0,0,3843609,107,0.5388086855151137
107,0,0,0,0,1,0,0,0,3782840,108,0.5302899040755688
108,0,1,0,0,0,0,0,0,3722724,109,0.5218626621426805
109,1,1,0,0,1,0,0,0,3663240,110,0.5135240158732028
110,0,0,0,0,0,0,0,0,3604640,111,0.5053092913860904
111,1,2,0,0,0,0,0,0,3546379,112,0.49714208893995293
112,0,0,0,0,0,0,0,0,3488810,113,0.4890718931379294
113,1,0,0,0,0,0,0,0,3431878,114,0.48109099391437504
114,0,1,0,0,1,0,0,0,3375450,115,0.47318074692873036
115,1,1,1,0,0,0,0,0,3319665,116,0.46536063761962515
116,0,2,0,0,0,0,0,0,3264250,117,0.4575923960248584
117,1,0,0,0,0,0,0,0,3209707,118,0.4499463940163162
118,0,2,0,0,0,0,0,0,3155601,119,0.44236165198389804
119,0,0,1,0,0,0,0,0,3102611,120,0.43493335419256546
120,0,3,0,0,0,0,0,0,3050100,121,0.4275722040638494
121,1,0,0,0,0,0,0,0,2997925,122,0.4202581554270731
122,1,0,0,0,1,0,0,0,2946498,123,0.4130489636830675
123,1,1,0,0,0,0,0,0,2895382,124,0.4058833688557085
124,0,1,0,0,0,0,0,0,2845031,125,0.39882501403231946
125,0,2,0,0,0,1,0,0,2795209,126,0.39184081602213316
126,0,0,1,0,0,0,0,0,2746170,127,0.38496638131012795
127,0,0,0,0,0,1,0,0,2697637,128,0.3781628792020559
128,0,1,0,0,0,0,0,0,2649604,129,0.3714294685998465
129,0,1,0,0,0,0,0,0,2602347,130,0.36480484001473606
130,0,1,0,1,0,0,0,0,2555340,131,0.358215257182557
131,2,0,0,0,0,0,0,0,2508819,132,0.35169380329407646
132,0,1,0,1,0,0,0,0,2463475,133,0.3453373448103969
133,1,0,0,0,0,0,0,0,2418255,134,0.3389982690201712
134,0,0,1,0,0,0,0,0,2373202,135,0.3326826037929037
135,0,1,0,0,0,0,0,0,2329120,136,0.32650305627002163
136,0,0,0,0,0,0,0,0,2285841,137,0.3204360757055551
137,0,2,0,0,0,0,0,0,2242523,138,0.31436362800363127
138,0,0,0,0,0,0,0,0,2198914,139,0.3082503870452954
139,0,0,0,0,0,0,0,0,2155658,140,0.3021866306900985
140,0,0,0,0,0,0,0,0,2113803,141,0.29631927073432907
141,0,0,0,0,0,0,0,0,2066700,142,0.28971623033302435
142,0,0,0,0,0,0,0,0,0,143,0.0
143,0,0,0,0,0,0,0,0,0,144,0.0
144,0,0,0,0,0,0,0,0,0,145,0.0
145,0,0,0,0,0,0,0,0,0,146,0.0
146,0,0,0,0,0,0,0,0,0,147,0.0
147,0,0,0,0,0,0,0,0,0,148,0.0
148,0,0,0,0,0,0,0,0,0,149,0.0
149,0,0,0,0,0,0,0,0,0,150,0.0
